"","Price","Size","Number_of_rooms","Number_of_airconditioners","School_level","Number_of_shops_around","Distance_to_the_transport","Number_of_floors"
"1",334857.655214844,113.035368196433,3,2,0.608500887732953,9,3.98856027901638,7
"2",263846.895448281,76.5206597442739,4,2,0.601284816674888,7,0.852354409988038,8
"3",184884.448118508,52.6828559569549,2,0,0.825060475431383,1,1.4150108875474,4
"4",311905.296995305,107.344950134866,3,1,0.994735191203654,0,2.88097109133378,8
"5",294039.887040271,99.0572664700449,2,1,0.719197367504239,2,3.85763471771497,2
"6",179986.649453989,49.9567007634323,2,0,0.676240943837911,4,0.529126842040569,6
"7",226635.727321496,65.09213452111,3,2,0.724465711135417,2,0.71398605464492,2
"8",207191.330538481,64.3421877454966,2,1,0.857838981039822,7,3.51716786914039,6
"9",239392.658374039,69.4163591531105,3,0,0.942085761297494,6,1.36712904227898,4
"10",186020.52932384,51.3440141442697,3,0,0.975898798368871,6,2.26922526420094,5
"11",298740.130962688,100.611792148557,3,0,0.757259401679039,2,2.21488870156463,2
"12",183309.069868876,52.7871421293821,4,3,0.634310977067798,7,3.80319187894929,3
"13",335592.931962456,108.477584818611,4,0,0.827145414240658,8,2.3791286337655,8
"14",249603.674751823,83.3626209979411,4,2,0.981145215407014,5,3.95334564545192,8
"15",334814.04762459,115.668650453445,3,0,0.887790499068797,2,2.30544579727575,6
"16",290618.135342491,97.962815144565,4,2,0.773027201835066,5,2.97937543422449,3
"17",177175.164103508,46.673175272299,3,0,0.765545308310539,5,1.3940633967286,4
"18",230120.85116317,65.7614943268709,3,2,0.981159012299031,1,0.899137772503309,6
"19",313316.730564111,99.4357219536323,4,1,0.964202696271241,8,1.51973470905796,7
"20",230739.493137575,75.0391577649862,4,1,0.643225766997784,2,2.89421499252785,5
"21",168234.220935497,50.5541273904964,2,1,0.644002337008715,1,3.9802732989192,3
"22",268939.179091481,86.2540608085692,4,2,0.785478952992708,3,0.766810353146866,4
"23",239015.868660877,75.9981863480061,2,0,0.669723894074559,7,2.9863522691885,8
"24",194848.321316647,56.7689724604134,3,2,0.840245924144983,5,1.78095787554048,6
"25",254163.257851615,78.1922695913818,2,1,0.684426680207253,5,3.37669785413891,4
"26",243019.646629575,78.5542132845148,4,0,0.773600797448307,0,2.8787477464648,3
"27",239693.01095733,71.065400603693,2,0,0.944713551923633,3,1.22067787859123,8
"28",335892.703424208,115.897622167831,3,0,0.941033898759633,6,3.38183652970474,2
"29",201910.189595423,53.6102060275152,3,0,0.99890472041443,9,1.97195984760765,8
"30",277842.416669358,86.8380131595768,2,1,0.810135389026254,2,1.12604543904308,7
"31",211075.626808684,64.1336090792902,4,2,0.781899970024824,1,1.8344464187976,7
"32",178192.858648719,48.8753427565098,4,1,0.872319205664098,7,3.21243044896983,5
"33",338802.056202549,110.902538452065,2,0,0.878528817184269,6,2.02562623703852,6
"34",213848.940311233,63.630746944109,4,3,0.875087420921773,6,3.87441570672672,7
"35",228705.951851676,66.1509713844862,4,3,0.89371968023479,2,1.69001600099728,3
"36",185055.859394488,53.4133947500959,3,1,0.969391762185842,4,1.90106550313067,4
"37",235701.505604316,72.662154781865,3,0,0.629341774620116,6,2.93393134325743,5
"38",226597.403458552,67.4267171113752,4,0,0.772261037491262,8,2.361280341167,6
"39",205725.848386879,61.3103243743535,3,0,0.942113554477692,0,3.96910881856456,8
"40",233474.155306234,68.9286033553071,2,0,0.932560000661761,5,0.767213640152477,6
"41",201888.856822625,55.9710771474056,4,0,0.988873403053731,5,1.21223111799918,8
"42",231044.750310015,72.1527241508011,3,0,0.989153003133833,2,2.37856548151467,2
"43",210127.788545913,60.4880292713642,2,0,0.809519550018013,5,1.3474396468373,8
"44",241672.803569818,73.2544777728617,2,1,0.746186915878207,6,1.29326659697108,6
"45",185557.377292425,48.0288547917735,2,0,0.96811987971887,0,0.977322331862524,6
"46",266482.444829657,85.7951718487311,2,0,0.933256366848946,5,2.47960137180053,2
"47",299105.385598727,95.17627820489,2,1,0.817253392934799,7,2.23513662221376,4
"48",270185.56826713,83.6202997877263,4,1,0.819072344712913,0,0.587796036736108,2
"49",275785.432404839,94.2160991183482,2,0,0.92191308774054,1,3.67401507194154,7
"50",305529.544832651,99.7437814471778,3,1,0.871267658751458,9,2.84383847413119,2
"51",204164.616105147,56.3300763827283,4,0,0.967738334275782,9,3.30882634373847,4
"52",188524.304119172,53.2251009182073,2,1,0.634953280631453,0,0.514641849324107,8
"53",196328.04819895,61.7410061520059,3,2,0.850192675087601,4,3.69211075652856,3
"54",308965.557530057,99.0572422498371,2,0,0.967162734922022,8,0.63590739981737,2
"55",347348.364717909,113.619035650045,4,1,0.939741055201739,7,0.57678400434088,7
"56",345037.652212312,119.826282297727,4,0,0.741935861576348,6,3.06025061768014,7
"57",174985.020253924,46.9222743809223,2,0,0.835328694246709,1,0.752834393060766,6
"58",329255.24788606,108.791214925004,2,1,0.740687388274819,5,1.90368066600058,6
"59",264972.761631594,84.5363450457808,2,0,0.814964799582958,5,2.53516709408723,3
"60",272853.426710819,84.4096833653748,3,0,0.930638106167316,8,3.3285567559069,5
"61",232690.285357647,71.7888681089971,2,1,0.682008333876729,2,1.07353702385444,4
"62",308002.698280616,103.451011532452,3,1,0.820202096551657,7,3.05514403805137,7
"63",340995.736082201,115.209480175981,2,1,0.830685687996447,9,2.80364916427061,6
"64",255013.88567267,78.2594489562325,2,0,0.625888940319419,9,2.16033186786808,2
"65",244803.653752315,74.4127327913884,2,1,0.896228814311326,8,1.84150829422288,3
"66",325186.663198867,100.205774784554,2,0,0.909015773609281,5,0.7821258577751,5
"67",161951.971924747,45.613406044431,4,2,0.721530129481107,5,3.59991178486962,8
"68",323529.299001093,111.253137605963,4,2,0.618740591499954,8,3.50291600916535,7
"69",304186.395424884,99.3020848010201,2,1,0.814178431406617,8,2.69045010686386,7
"70",214436.844293377,61.6273863811512,4,0,0.815246025286615,7,2.81119170947932,5
"71",259470.144579886,78.346440049354,2,0,0.697263178881258,4,1.93541252939031,8
"72",285600.876261946,88.2501188304741,3,0,0.887651734147221,5,1.44871983409394,5
"73",312642.459630501,107.358643946936,2,1,0.759039703849703,0,1.70977756788488,2
"74",329503.044747398,110.639661921887,3,2,0.70014325408265,7,1.71174581092782,5
"75",268144.482192001,82.7541548106819,4,2,0.763398647122085,8,2.82006841350812,8
"76",327055.516665569,108.060706848046,3,0,0.968718014005572,3,2.75143356074113,5
"77",198565.040628193,57.5544155656826,4,2,0.978703204821795,0,0.553022607811727,7
"78",296200.960004702,102.179380307207,3,1,0.662879853323102,2,3.45629108988214,7
"79",182825.924239005,52.5753917335533,4,0,0.812816486693919,5,2.50277983339038,8
"80",315963.925611926,101.393558200216,4,3,0.691079837363213,5,1.39915992610622,8
"81",222403.519668849,67.2866537456866,2,0,0.690970055013895,0,2.49306942953262,7
"82",317239.506167942,105.86040114169,4,3,0.965281892381608,1,3.97662371071056,5
"83",218743.539738585,64.2209375964012,3,1,0.768376173451543,6,1.98615266592242,3
"84",265490.660799085,80.8896545658354,3,2,0.825980921648443,7,1.78589469124563,7
"85",238888.190914411,69.4016743381508,3,2,0.829869309905916,8,2.05934573500417,7
"86",257328.268469428,81.2448232015595,4,3,0.631616210564971,5,0.516526254708879,4
"87",218749.276643852,63.4674152056687,4,1,0.802637682110071,2,0.556799221318215,4
"88",272171.452228795,83.2865142950322,3,2,0.740272535383701,9,3.12150096101686,6
"89",348150.033844984,114.912714790553,3,2,0.89637408722192,7,2.86966350593138,2
"90",302031.047074823,105.521006723866,2,0,0.601899570506066,5,3.75961134885438,8
"91",184165.196975926,56.5419319015928,3,0,0.627518260572106,0,1.97026150021702,6
"92",284788.815699751,87.5706104957499,4,1,0.894015039596707,5,2.52144732046872,8
"93",302694.69386409,95.1664105569944,2,0,0.672603717260063,6,2.09841074584983,3
"94",203025.654227939,59.7196699341293,4,3,0.824254200980067,0,1.07929775153752,3
"95",221661.882792017,68.2034554181155,2,1,0.995066257566214,3,3.18949360493571,3
"96",201765.374509851,57.2601702343673,4,0,0.645177137944847,4,0.532320474972948,7
"97",191443.990158732,56.1533457180485,2,1,0.69513233397156,2,3.23438514315058,7
"98",337043.237696984,116.737491764361,2,0,0.682974181510508,8,3.80686479713768,7
"99",179955.240209703,47.2954212035984,4,3,0.680368899088353,9,1.36233507411089,6
"100",165210.566272726,48.8166879268829,3,2,0.859607873484492,0,3.92369571363088,2
"101",192181.163534406,56.0424119979143,2,1,0.736053038109094,2,1.44284229597542,8
"102",310538.781896932,98.8474224682432,4,3,0.947343400865793,9,1.31034940725658,3
"103",340120.871504303,116.712296269834,4,2,0.815088903531432,3,3.1453700051643,5
"104",285988.295238814,91.3310292572714,2,1,0.615999126154929,5,2.78920041618403,8
"105",287386.899607605,90.4563912295271,3,2,0.71689308648929,4,1.84669001563452,8
"106",184482.603674405,46.9751815823838,3,1,0.973782633710653,8,0.964650634094141,7
"107",262218.792557251,81.7344927799422,2,0,0.724179141782224,1,1.8991074814694,6
"108",339578.156938078,115.835009019356,2,1,0.83461210122332,9,3.96746269287542,7
"109",200757.218434708,61.4614601817448,4,2,0.99914797982201,1,3.75538047996815,7
"110",222317.428521463,63.0190491664689,4,0,0.928261198662221,9,1.02404079516418,8
"111",221950.518056867,66.8297492538113,2,0,0.953961803670973,8,2.28227782435715,2
"112",248190.000471077,77.6517845329363,4,0,0.93785501094535,1,2.60460867243819,2
"113",302288.80297055,94.9537137045991,4,3,0.89261857252568,5,2.21423938916996,4
"114",243141.706996597,71.0306393669453,4,1,0.740658873692155,9,2.8547297649784,5
"115",172483.624196029,51.6076993360184,4,1,0.972835414577276,5,3.99129033728968,7
"116",345989.896332379,114.77034379961,3,2,0.780894315429032,0,1.30754270940088,6
"117",331092.435083468,110.906028606696,4,0,0.749396046996117,8,2.79034919175319,7
"118",289246.351751848,90.8517338556703,3,0,0.99538076678291,0,1.77540368121117,2
"119",204195.997420233,61.305418725824,3,2,0.836260735150427,5,3.71880271600094,4
"120",299767.743216478,97.3529537196737,3,1,0.990953772608191,1,1.41436033160426,4
"121",178716.892360942,56.9841848791111,3,0,0.613353186845779,4,3.98766090662684,3
"122",322142.480269657,111.678477404639,4,3,0.711449571419507,3,3.02557857788634,8
"123",222186.767304083,66.2511644989718,3,2,0.605970384087414,0,2.54628043982666,3
"124",337809.506889433,114.761884782929,2,0,0.876517189852893,0,2.41529388842173,4
"125",252825.180339511,70.5793447082397,2,0,0.914385489467531,9,1.34467336675152,2
"126",300713.445564383,92.6420093618799,3,1,0.607287497259676,9,0.66419791476801,4
"127",201548.6559727,57.903854995966,3,1,0.886985846981406,5,2.02976814901922,5
"128",259081.622793456,84.982662408147,2,1,0.675488234963268,0,2.00629246386234,6
"129",265968.40116044,87.8936979209539,4,2,0.756970329582691,5,2.44677731674165,8
"130",247286.124867853,82.5248968368396,2,1,0.835641352832317,1,3.81578421127051,2
"131",221868.518820032,61.4017915260047,3,1,0.970114284195006,4,0.821986479684711,2
"132",350537.251005182,119.859539489262,2,0,0.654120680503547,8,2.32398082525469,4
"133",202375.760909636,60.539542719489,4,3,0.686938880290836,3,3.21203438693192,3
"134",187708.006308996,52.1925943193492,3,2,0.642600248195231,3,2.19571541785263,5
"135",228162.845057319,68.1709656422026,3,1,0.646614254172891,8,2.6341469733743,4
"136",319824.837324093,103.762620849302,3,1,0.6360032485798,5,3.1362760704942,7
"137",329355.844301987,109.155068766559,2,0,0.678115112520754,4,0.544005182338879,3
"138",219016.425078851,67.6747925451491,3,0,0.834691492561251,0,1.15473797218874,5
"139",239161.130719935,70.4752086068038,2,1,0.680387763958424,6,2.72540901927277,4
"140",345007.162231836,110.940838179085,3,2,0.926582301873714,8,1.08863015088718,4
"141",234727.0214702,66.3240722659975,3,0,0.754289198946208,5,1.54327522171661,7
"142",246743.801252451,78.8047832774464,2,1,0.824099657125771,0,2.11109752266202,6
"143",225174.387657433,62.5814421556424,3,0,0.666285777464509,3,0.998389957938343,4
"144",219583.958516829,65.8604963030666,2,0,0.830097187124193,9,2.11756482627243,5
"145",252179.355854285,76.1132448376156,2,0,0.887481883727014,9,1.93652569188271,8
"146",263286.5346279,82.8054285014514,2,1,0.935263605043292,6,3.84439975034911,2
"147",187421.729295049,56.2850756384432,3,1,0.790399044379592,8,3.81720897229388,5
"148",291232.136132894,97.4700954963919,3,0,0.86683698669076,2,3.3907504855888,5
"149",291146.715090261,91.0631514550187,3,1,0.682387054525316,9,2.23889431927819,2
"150",183518.965797499,50.5729385116138,4,1,0.793491033930331,7,3.66024531354196,7
"151",326246.059267316,112.677290725987,3,2,0.885544341336936,0,3.29666700423695,6
"152",322717.534578172,103.891793206567,3,0,0.985589219257236,9,2.50689611246344,3
"153",260041.633902234,80.8251210534945,2,1,0.615044096764177,4,2.96012040309142,7
"154",332570.102692465,112.294488893822,3,1,0.842528562154621,0,1.10672114568297,4
"155",286570.870964904,90.3483407443855,4,1,0.917601547390223,0,0.965999526437372,8
"156",164410.667906865,48.1746921362355,4,0,0.910628125537187,1,2.66942378843669,5
"157",296601.826793398,97.7847667399328,4,1,0.771358287148178,1,0.607036131434143,5
"158",279092.529965332,90.2797505480703,3,0,0.905332965683192,8,3.32915051199961,5
"159",275172.217713087,89.5796115556732,2,0,0.806612240616232,8,2.64592760021333,8
"160",259216.568663367,82.9532767692581,3,1,0.859445313643664,0,2.73853050672915,5
"161",338861.274231807,113.478426185902,4,0,0.638323703873903,0,2.43605727294926,6
"162",246998.3419911,82.5510532117914,2,1,0.892823509592563,5,3.92129692330491,2
"163",231928.916914039,71.9228527264204,4,0,0.989753244724125,8,3.22519160970114,5
"164",311750.582667999,100.190001876326,4,0,0.900367878191173,6,0.633510612533428,5
"165",356820.783421863,119.906334170373,3,1,0.877447988186032,3,2.1201550635742,6
"166",284880.782988388,86.3383256352972,2,1,0.867336252983659,2,1.32163738354575,3
"167",245431.062620715,77.9035982780624,2,0,0.841101946495473,8,3.37421748833731,3
"168",196836.884420016,52.3518632270861,4,2,0.98991442322731,7,0.976418448146433,6
"169",221717.363659875,61.2104643182829,2,1,0.738179156556726,7,1.48221927450504,8
"170",230747.477723868,70.2378617995419,2,0,0.739399470668286,4,1.67147843458224,6
"171",258411.918487749,78.1106089346576,3,0,0.707702711038291,2,1.80882276850753,2
"172",263112.712885952,86.4641666400712,4,2,0.736726649478078,1,1.91849830711726,7
"173",236015.480711241,78.5146866738796,3,0,0.930287451948971,2,3.44460012891795,6
"174",191556.86389457,50.4614509048406,4,2,0.780318870116025,8,1.40308752073906,8
"175",278387.471446069,87.429011547938,2,1,0.781990076974034,8,0.856235924875364,6
"176",188589.744340745,59.2901761690155,3,2,0.901525868754834,4,3.75589781894814,4
"177",164791.91677249,45.2522569557186,4,0,0.631647265143693,4,2.20492988463957,4
"178",318530.278402381,109.22237593797,2,0,0.766734486725181,7,3.86427174287383,6
"179",237482.236080803,72.5561572692823,2,0,0.900183003675193,6,0.936941818683408,4
"180",331463.26368663,114.941635272698,2,0,0.723415621370077,0,3.00954384752549,4
"181",249219.366849284,74.2236868408509,2,1,0.876626071333885,8,0.80960055522155,6
"182",224457.886209479,64.7187257814221,4,0,0.665451590809971,8,1.47734045982361,4
"183",220322.955149808,61.54679995263,4,2,0.740561062563211,0,0.935991332051344,4
"184",341998.764175805,112.294881533599,3,2,0.736074537225068,2,1.01840922376141,5
"185",260860.719823744,89.1443640156649,2,0,0.67604975476861,2,3.35427969531156,6
"186",231703.89499492,72.7077998849563,2,0,0.990578160434961,7,3.07492935378104,8
"187",180423.027266865,50.9180249227211,3,0,0.898562001716346,1,3.50240458070766,6
"188",171145.064245211,52.394675683463,4,0,0.822134028654546,0,3.52346040203702,7
"189",197481.493334984,61.1053443036508,2,1,0.718136767204851,2,3.25109626038466,8
"190",288445.913404925,87.203989403788,3,2,0.968696071114391,7,2.13051274092868,6
"191",221643.241775688,64.322937290417,3,0,0.700618207734078,9,1.2178980197059,4
"192",347047.924105311,113.568073713686,4,0,0.750841008871794,6,2.87944311415777,2
"193",212731.857847655,64.3064981081989,2,1,0.804482166562229,7,3.41094394272659,5
"194",343434.604762821,109.236697956221,2,1,0.79750365158543,6,0.895098707522266,6
"195",314216.038961662,106.713286157465,3,2,0.727766972500831,4,2.06112043757457,8
"196",248763.643703889,80.4065304331016,4,0,0.737017375882715,7,3.34134069818538,5
"197",285900.292807491,99.0832471044268,4,2,0.60204139566049,3,3.39204692805652,3
"198",221568.337512552,66.2862342246808,2,1,0.827808536682278,4,1.49087258556392,3
"199",202926.199213485,62.687633499736,2,0,0.910294280666858,4,3.88057673885487,3
"200",259837.393463007,77.6606769289356,3,2,0.824755395390093,5,2.26541808759794,2
"201",158797.400391428,45.634872255614,4,0,0.967722673527896,7,3.82589703344274,7
"202",280784.751056693,87.7798766701017,2,1,0.855713857337832,9,1.42082373343874,3
"203",316420.456240885,107.04847729532,2,0,0.886578579805791,9,3.75202903128229,3
"204",276366.921425913,81.5372738451697,4,0,0.623697098903358,9,1.00032185448799,5
"205",186265.54038201,48.6972612608224,2,1,0.651301425602287,2,1.26282528263982,5
"206",190761.811465258,52.2253080666997,4,1,0.91407264675945,9,3.11740807630122,2
"207",345391.76035393,117.220986674074,3,0,0.625056816823781,9,3.69293531146832,8
"208",196542.435067939,58.3057654893491,2,0,0.788085876777768,1,3.7409663972212,5
"209",237943.121440127,78.3905554027297,2,1,0.731943044811487,1,2.74476414301898,3
"210",218971.577214077,59.8288343218155,3,0,0.849983416683972,5,0.685493939789012,8
"211",340189.388056984,114.891152711352,3,2,0.887044489104301,3,2.74908876616973,6
"212",273696.569837513,91.0309830552433,3,2,0.702903639990836,7,3.60773777845316,4
"213",159569.746151101,47.5811418599915,2,0,0.896912776120007,2,3.16366785846185,4
"214",184379.620657186,49.6980464598164,3,1,0.918799217324704,4,1.74536985636223,8
"215",205106.25145759,61.2591015512589,3,2,0.671837200690061,1,3.39832312776707,5
"216",221784.876531805,66.7152418219484,2,0,0.615042068995535,4,3.97215233824681,6
"217",250302.338400041,76.853404676076,2,0,0.613692083768547,2,2.28252451226581,5
"218",265434.04422421,84.5074515079614,3,0,0.758091546874493,1,0.94289204000961,7
"219",192425.597040448,51.9852890388574,4,0,0.730265980213881,3,2.28021772333886,5
"220",262587.83731889,82.4504818464629,2,0,0.947941591497511,2,2.06273115309887,2
"221",305907.959281467,94.6854088967666,4,0,0.863461963180453,8,2.07160092471167,7
"222",346458.768575918,118.338491498725,2,0,0.655105250980705,7,2.1547439127462,2
"223",306871.277757571,99.4964845699724,3,0,0.758899739012122,3,2.47617340250872,8
"224",306904.477112228,96.6204549581744,3,0,0.923784959875047,6,2.96200739499182,4
"225",247541.412068531,84.2583941167686,2,0,0.684938283916563,3,3.65505691070575,6
"226",309006.137357675,100.590330372797,4,3,0.712356945779175,5,0.719296486582607,6
"227",306162.769429386,104.374837641371,2,1,0.611367319058627,5,2.5568225592142,5
"228",279693.528363481,91.0674107365776,4,1,0.694333950988948,4,2.12734889204148,5
"229",351067.825836944,112.104470782215,3,0,0.927845123037696,8,2.16603728453629,8
"230",315804.071572376,106.829183431109,2,0,0.657414849847555,7,3.58500996709336,8
"231",198860.112745664,57.7254908205941,3,1,0.766616476047784,2,2.8836876131827,3
"232",239072.90148281,71.936881954316,2,1,0.874411643948406,6,3.73937813157681,2
"233",245158.453972661,71.6630617668852,4,0,0.834281789138913,8,0.511904364801012,5
"234",301003.404609743,91.9163622299675,2,1,0.632957699056715,9,0.815318584209308,7
"235",303129.50353534,97.4317601288203,2,0,0.972627246659249,6,2.56945365748834,2
"236",250509.167551063,76.7015761567745,3,0,0.903060690592974,6,1.60253714409191,2
"237",193727.298653219,56.2598517327569,4,3,0.844026434700936,3,2.87386222672649,7
"238",218406.387177529,65.0199433020316,4,3,0.973066416289657,2,3.26084429258481,6
"239",190454.499920132,49.7995904576965,4,2,0.873130112420768,8,2.89650468062609,6
"240",370042.705769883,119.097996507771,4,0,0.623545198980719,8,0.714723476441577,6
"241",219426.260723849,64.8368462151848,3,2,0.695356853213161,9,3.0406411915319,3
"242",271321.005589678,89.3663460260723,3,1,0.77476166896522,4,1.99079826311208,2
"243",304413.998197881,96.5997330076061,2,1,0.70200093947351,4,2.07213057775516,7
"244",281667.545257602,88.4256772859953,4,3,0.648546867910773,0,0.921923130983487,7
"245",300718.572553364,96.9804314186331,4,3,0.965325685217977,9,1.26192437415011,2
"246",224105.441505671,71.1555151431821,3,0,0.816567788179964,8,3.74048456049059,4
"247",177177.356594824,49.3758335988969,2,1,0.95796908410266,6,3.7236654664157,4
"248",206950.755862403,58.353520561941,3,2,0.952430210076272,4,1.21297317009885,7
"249",169844.283548184,49.5027855376247,3,1,0.669622856751084,3,2.00228530738968,8
"250",218376.500477083,64.8075558117125,3,1,0.940381192881614,7,2.40719039284158,7
"251",333167.048699106,116.626047219615,4,0,0.749400113150477,4,3.58093176537659,3
"252",333046.270291554,107.848524138099,3,2,0.977027215529233,2,1.08691262791399,8
"253",273973.69714675,86.7831193422899,3,1,0.806720042228699,3,3.03688974643592,4
"254",234492.876407807,71.7117951996624,3,0,0.800319745577872,8,3.99936323554721,8
"255",319676.748310449,99.5407411758788,2,0,0.989282509684563,4,1.15893817692995,8
"256",214345.337767503,59.9653179512825,2,1,0.797809953428805,0,1.38207928836346,8
"257",247252.725941828,78.0763701174874,3,1,0.711978528089821,1,3.33533471438568,7
"258",313499.17807756,103.54783342802,4,1,0.847282443009317,9,2.81801183859352,3
"259",195669.225947582,50.7063497719355,3,1,0.99336705096066,8,1.91573597688694,3
"260",302381.856328459,105.969945805846,3,0,0.68462842842564,2,3.6229772970546,5
"261",281734.150526347,94.0484248730354,4,2,0.675768168177456,2,1.57683882629499,4
"262",204204.026730964,62.0403830241412,4,3,0.867675848305225,1,3.89167153812014,6
"263",256519.15388694,81.045231873868,3,2,0.950601595267653,0,0.867513093049638,2
"264",234843.350082054,69.1353298828471,2,1,0.977212066762149,8,3.4987616201397,5
"265",322089.871036122,105.988762340276,2,0,0.741757699288428,8,1.19688299589325,7
"266",356732.935241773,119.885807989631,3,1,0.78402846949175,1,3.27352962212171,2
"267",210154.743299005,53.9621794293635,3,1,0.75671955877915,9,0.644627880421467,8
"268",343725.181675749,118.460333095863,2,1,0.624223083909601,1,3.86452449369244,4
"269",175646.814006264,52.5893828587141,3,0,0.713971973117441,3,3.23204434243962,3
"270",216428.694333765,63.804347718833,3,0,0.732651847973466,8,3.40406110975891,3
"271",317372.907119803,108.319036352914,2,0,0.977284667268395,8,3.42753575346433,7
"272",172152.94723399,46.0051728982944,2,1,0.979043115582317,2,1.60811891651247,7
"273",284101.187193999,90.3861061425414,4,2,0.684834515955299,6,3.59202038275544,7
"274",296607.748883194,100.512762774015,3,1,0.931004839297384,4,3.51212502014823,2
"275",230456.534909317,70.6582756061107,3,2,0.740899691451341,6,1.08510689041577,7
"276",210906.108908588,57.980653118575,4,0,0.798413003887981,5,2.27624422579538,2
"277",318254.834629479,107.607156496961,2,1,0.999869345221668,5,3.05448575026821,6
"278",239446.482113213,67.9540602711495,3,1,0.602168390713632,3,0.565136418445036,7
"279",197639.231786481,56.3141804526094,2,0,0.753750587347895,2,2.56501415767707,3
"280",337732.517893193,113.026325851679,3,2,0.955074026435614,4,3.09841258008964,7
"281",315189.111808082,104.433779428946,4,2,0.879768405389041,9,3.76744703657459,4
"282",313633.7155652,104.536117053358,4,1,0.80831022746861,8,3.82822008058429,5
"283",183012.781043304,52.2632482799236,4,0,0.974009848665446,1,3.47564958815929,7
"284",341635.104669025,118.444064380601,4,1,0.979001097753644,3,3.32733636465855,5
"285",303998.742753058,96.6493873670697,3,2,0.979283180180937,3,2.69868124381173,3
"286",181233.796028187,52.1499190817121,3,1,0.98713915636763,4,2.61666664888617,5
"287",259306.148379692,80.3356427222025,4,3,0.641868579108268,9,3.7728425480891,5
"288",257295.417481335,79.7682391817216,4,2,0.886820025369525,4,1.45797686919104,6
"289",260159.794515814,83.8418413116597,3,1,0.622273192089051,0,1.11656849307474,7
"290",267777.137735859,86.7076842568349,4,1,0.765534389764071,2,1.16364522220101,6
"291",284162.430978846,90.4138515691739,2,1,0.740171488933265,7,2.76102610945236,5
"292",223549.405664555,62.3376279068179,3,0,0.768983807787299,6,1.31022473459598,4
"293",229925.354288658,67.1779871557374,3,2,0.903655782155693,9,3.73027710884344,7
"294",180653.066306724,48.8778526650276,4,2,0.783195456210524,9,1.17192227672786,6
"295",271939.17423021,85.3777221101336,4,3,0.878899898659438,8,1.80369841004722,6
"296",276315.937352483,87.1010125195608,2,1,0.629391488526016,4,2.3901043710066,5
"297",216976.518596523,57.9984429047909,4,1,0.945453857071698,7,0.998201033915393,4
"298",263916.957625304,79.5326463400852,2,0,0.763530472759157,8,1.93330062716268,5
"299",205135.979528888,57.5854135199916,4,0,0.957569549325854,2,0.612465529236943,8
"300",194750.900128274,61.3512443366926,2,1,0.916154332552105,1,3.97662157239392,5
"301",198435.552795185,52.6980108569842,4,3,0.936290383618325,2,1.19143535068724,4
"302",186213.54721277,49.4972409086768,3,0,0.913001456204802,5,2.17894468118902,6
"303",243020.655027824,74.640835756436,2,0,0.746948172431439,8,0.973769196076319,2
"304",216608.234376065,61.6653434105683,2,1,0.697154281567782,6,1.74618137604557,8
"305",323349.529142142,102.844609860331,2,0,0.716520429030061,4,1.73835814173799,5
"306",189385.006308556,52.5324701552745,2,1,0.970104787498713,8,3.05703599273693,3
"307",351831.539214938,111.365511581535,4,1,0.851187757775188,8,0.759644515113905,5
"308",339994.932526373,110.532562695444,2,1,0.762135017849505,6,1.44026535551529,2
"309",298151.362843812,97.1291879704222,4,0,0.653426516987383,9,2.74802694609389,2
"310",293691.317149089,99.2299576161895,2,1,0.6105678784661,2,2.39667822699994,6
"311",169611.518987571,47.8288266796153,2,0,0.928405861463398,0,2.02672804216854,7
"312",193638.795416104,50.4854012676515,3,0,0.615174564439803,8,0.676810700446367,8
"313",279588.376680505,88.3726814982947,3,2,0.888358817622066,4,3.10801764414646,8
"314",344122.4165241,119.065327044809,4,2,0.734782840870321,7,3.68689159746282,7
"315",332713.281290606,110.522253862582,4,2,0.672696998436004,4,0.541234082076699,8
"316",351360.554301995,118.655094142305,2,1,0.817908923421055,2,0.644656916381791,2
"317",266418.761428678,86.2253981747199,4,1,0.935585711244494,8,3.88481210113969,4
"318",357523.610353237,117.83722103457,4,2,0.661250510718673,5,2.69550348038319,6
"319",256542.854321422,81.9088900275528,4,3,0.829670586064458,2,2.52958606812172,6
"320",335029.121068772,114.367218855768,2,0,0.944469355139881,4,3.19448959594592,3
"321",326316.770191537,109.645069115795,3,0,0.871996410191059,4,2.92838947032578,4
"322",221685.215553734,70.3512319293804,3,2,0.937972415797412,1,2.90451827808283,7
"323",210752.343826811,59.7271447232924,4,1,0.973572254180908,4,2.95530048420187,5
"324",227190.013651969,68.4699819178786,2,0,0.713124489132315,5,3.52698498836253,3
"325",217556.820710539,64.7359548008535,2,0,0.781491705402732,3,0.931169114308432,4
"326",230099.43365748,69.1169896675274,3,2,0.997590100299567,6,2.34715748182498,2
"327",249228.967432049,74.2320741398726,2,0,0.943755659181625,3,1.81161020277068,6
"328",371425.720427884,117.698200657032,4,0,0.991175256017595,9,0.822922790190205,4
"329",244531.654858612,77.770836527925,2,0,0.76470927875489,5,3.70440791884903,5
"330",239562.562458916,73.6523655813653,2,0,0.781243412289768,2,3.44546608522069,5
"331",205789.33199239,64.4133716518991,2,1,0.932563281338662,5,3.45094688003883,5
"332",172574.119800702,46.40042140265,3,1,0.795837255194783,5,3.53316584473941,2
"333",315847.872068174,98.1625523697585,3,1,0.828295279387385,0,0.542345468886197,2
"334",226290.184847079,68.4983426635154,4,1,0.663401339016855,2,0.697962092468515,6
"335",225827.736158506,68.6733009049203,4,2,0.633625628240406,6,0.844863066216931,5
"336",346910.180404666,116.406556782313,2,1,0.620338053628802,2,1.6999322968768,7
"337",289329.292249051,89.6415780927055,2,0,0.777582517359406,7,2.30876150086988,3
"338",334338.489494985,106.598416697234,2,0,0.898505085520446,9,0.925512067275122,3
"339",215457.346385228,64.3104395759292,2,1,0.962315825652331,4,2.18605118419509,7
"340",220503.103600466,59.1386262432206,3,1,0.650819231197238,7,0.569451947230846,5
"341",247694.398321561,72.5791662395932,3,2,0.768372553028166,2,1.64397972018924,2
"342",301976.82574403,100.506188044092,4,1,0.757651910744607,4,3.74659051955678,4
"343",271928.432966932,88.0424685473554,4,2,0.886814530566335,9,3.61821476637851,3
"344",311043.6068821,105.253807471599,4,3,0.983972277864814,5,3.97594476502854,4
"345",261615.42683607,83.5612084006425,3,0,0.676839409582317,2,2.27020916936453,7
"346",311524.61074281,102.128023041878,3,1,0.676402640622109,8,0.862281479756348,6
"347",186372.192653711,51.9442180625629,3,0,0.957042888179421,8,1.69059263914824,6
"348",189166.256236378,53.3574273157865,3,2,0.7804438944906,5,3.94873624807224,5
"349",168337.943046121,45.3573539899662,3,1,0.669252451322973,2,1.32980865496211,8
"350",328873.569059186,110.869915892836,2,0,0.982550886273384,6,3.12162052909844,4
"351",188540.451049572,56.6328558535315,4,3,0.667024042829871,0,3.29312724759802,5
"352",319833.811786608,104.426849463489,3,2,0.642447780910879,7,1.92356910335366,5
"353",240509.887383087,68.4790136804804,2,1,0.881905735470355,5,1.21248250058852,3
"354",174112.782605458,51.8088973697741,2,0,0.619488298799843,0,1.52830893744249,2
"355",214153.826668626,66.5338874899317,3,0,0.727540153264999,2,3.41339542332571,5
"356",276920.870627742,91.2139450362884,4,2,0.704742021113634,3,2.47340151504613,7
"357",245896.079262602,81.7665814992506,4,2,0.936980650760233,0,2.90707407169975,7
"358",356021.937650279,117.847522166558,2,0,0.749428458046168,9,2.96562746481504,5
"359",254183.670010301,72.1230503276456,4,1,0.850438287202269,6,0.851079305866733,4
"360",276526.188962744,86.6797306970693,2,0,0.957395087648183,2,2.66995676059742,2
"361",236110.502620577,73.5702508524992,3,2,0.978835710883141,1,1.95607979723718,5
"362",355261.824995279,114.444742467022,3,0,0.99192455522716,9,2.89474135253113,3
"363",284431.372083025,87.1813835506327,3,2,0.980467750690877,8,2.92214578296989,2
"364",322439.805372036,110.103707683738,4,3,0.661673691868782,7,3.39712123654317,3
"365",281678.705946193,96.3175579137169,3,0,0.721513338666409,4,3.17682537215296,3
"366",170989.888190641,48.0308311572298,2,1,0.600768266059458,1,1.310398510308,8
"367",236850.337898708,70.2220151131041,4,2,0.807977634854615,8,1.91753495798912,3
"368",252019.592331024,82.7977890777402,3,0,0.693332011625171,1,1.64760248409584,4
"369",244316.042822786,77.4871778371744,4,0,0.670244844909757,0,2.21008697873913,8
"370",193963.412262849,52.4808637204114,4,3,0.826305711921304,5,0.863781956257299,3
"371",159648.722269223,47.2813275398221,4,2,0.940992565266788,1,3.39605330466293,4
"372",305630.99242223,96.0161094018258,3,0,0.675653722789139,7,1.4867021770915,4
"373",229665.531525738,67.8011252882425,4,1,0.635972211416811,7,1.39829935063608,5
"374",345990.197804524,116.605781069957,2,1,0.715179981198162,2,3.09420982631855,6
"375",180385.909759323,52.8450271685142,3,1,0.622231879178435,2,3.60803730902262,3
"376",253823.207122041,73.2088467967696,4,1,0.863006294798106,6,1.07788135064766,8
"377",259198.781676358,80.4751748323906,4,3,0.958819916285574,1,3.42405122227501,5
"378",312605.143622728,103.025281311711,4,0,0.910099379345775,2,2.1687686588848,8
"379",312687.954315566,99.958387138322,3,2,0.906597922276706,8,1.03777083090972,5
"380",333559.841913753,109.157243067166,4,1,0.720760700851679,2,2.46629997319542,4
"381",193148.190536071,50.5845031456556,4,0,0.674615075904876,5,0.644141972414218,8
"382",285600.0788745,90.7415194250643,4,3,0.99224744932726,2,1.9224044631701,6
"383",261302.058736794,81.8826664576773,2,0,0.699623143021017,4,0.563163760234602,3
"384",251437.169116456,79.1764102166053,3,2,0.616109270974994,8,1.56632939854171,2
"385",193768.251681584,54.2554018890951,2,0,0.966186451073736,6,3.38514524954371,3
"386",356923.907492543,117.151263715932,3,1,0.677903804648668,8,1.94958050444257,2
"387",231514.481012942,70.0508799275849,3,0,0.853631059546024,0,3.14817633468192,7
"388",267584.58507678,88.3360341587104,4,3,0.80186739563942,1,3.33082931220997,5
"389",234011.698571267,64.462966255378,3,0,0.895786887221038,7,0.799248399678618,2
"390",316546.22524057,104.518215997377,2,0,0.914277459029108,3,3.82584080239758,6
"391",352787.14623244,113.256117595593,4,0,0.80199283324182,6,1.72708237194456,4
"392",294449.741230346,91.02036945289,4,1,0.687174567766488,3,1.22011052793823,5
"393",254526.578048128,78.3163800474722,4,1,0.620740461349487,4,1.15925564360805,4
"394",341472.738378332,118.563989280956,3,2,0.7901158538647,4,3.14745065895841,6
"395",240046.799952979,67.67501904862,4,1,0.894400718715042,6,0.899463904905133,3
"396",253519.946743851,76.0841148428153,4,2,0.73398965978995,2,0.709405590547249,3
"397",179025.758720469,46.0044414724689,2,1,0.732569567672908,9,1.8954465611605,6
"398",168156.660130131,45.2133602800313,4,2,0.905421423632652,5,3.16508176899515,7
"399",270375.711611006,87.0511555450503,4,0,0.957593709602952,1,3.29002383223269,7
"400",321613.135815132,112.381603131071,3,2,0.698496046103537,1,3.40205728216097,3
"401",339613.777598133,111.379076993326,2,0,0.962317687086761,1,1.00751959288027,7
"402",168700.888621737,47.9954179131892,2,0,0.994448483083397,0,1.95563462399878,6
"403",301344.198084669,96.125726517057,4,1,0.936108299158514,4,1.27218061184976,7
"404",228860.251889331,70.3103782713879,3,0,0.881682346668094,0,1.08912964339834,5
"405",247100.112224114,71.6887887089979,3,2,0.983104902226478,7,1.73700658953749,3
"406",190250.755394925,59.6295998885762,3,2,0.62570677055046,4,3.63349875039421,8
"407",172595.57482833,47.5969885813538,2,1,0.708101481664926,7,1.20704356266651,3
"408",252313.344201772,82.9522286821157,2,0,0.790310525428504,7,3.20503426925279,7
"409",198271.719359327,61.3300609623548,3,2,0.851510274410248,7,3.55881194246467,4
"410",307717.520856066,96.1197174258996,4,3,0.63260662984103,9,1.39596022374462,3
"411",272172.099085059,81.7778698971961,4,3,0.639553170558065,8,2.03354588302318,4
"412",302066.282225656,95.6240473303478,2,0,0.70060544135049,6,0.64623680151999,7
"413",170132.708196761,47.0014680339955,2,1,0.856166561599821,0,2.70451917825267,6
"414",316046.748552821,105.840840748278,2,1,0.948423073813319,6,3.11299014138058,8
"415",216307.435103343,60.0531318504363,3,2,0.938587116263807,5,1.0426674260525,6
"416",181567.524260026,51.7048635624815,3,0,0.902754892315716,7,2.63291477411985,6
"417",240773.772650049,70.3173968056217,2,1,0.811394182033837,4,1.72224617039319,6
"418",296940.678951098,94.8982123564929,3,0,0.656878845952451,9,3.47453705151565,7
"419",283257.755141705,95.6223428354133,4,0,0.649040745850652,5,3.21761378797237,6
"420",324111.132392078,112.79827172868,3,0,0.884309662412852,0,2.7009022833081,5
"421",233362.282623886,71.3809256837703,2,0,0.654654248431325,0,1.53740476106759,2
"422",318946.666239994,103.728762116516,4,3,0.737332499586046,9,2.25326150737237,5
"423",281282.219062792,92.7404580975417,4,1,0.833979287371039,8,3.84755517065059,8
"424",241316.069108201,77.943528163014,3,0,0.993334359396249,8,3.85664080793504,4
"425",235501.844876795,73.0329571687616,3,1,0.872451750189066,7,2.66456129716244,4
"426",232065.092783654,74.1271583642811,3,1,0.870251174643636,5,3.38229635334574,7
"427",260622.378036962,81.3831875903998,4,3,0.931417116057128,8,3.84786699246615,3
"428",229468.387883971,66.358628233429,2,1,0.978150911815465,2,2.58979212248232,3
"429",222301.390942535,67.8875840257388,4,1,0.701860387437046,2,2.02549220109358,8
"430",325770.79163061,99.0248321718536,4,3,0.836834038142115,8,0.578562171082012,5
"431",316013.463815441,107.863885232946,3,0,0.939288168214262,3,2.46289607707877,5
"432",235595.169034437,76.0658520378638,2,0,0.915921228565276,7,3.1469699353911,7
"433",205241.152068251,60.6113423465285,2,1,0.840623996872455,1,2.64259817358106,4
"434",166142.738505849,45.3593663801439,4,3,0.83105700686574,2,3.27904183894861,6
"435",360466.556522646,118.880751564866,3,2,0.653825511783361,5,0.501070848433301,8
"436",306606.115920469,99.8875387874432,2,1,0.894211083836854,9,3.16581585374661,7
"437",299831.247105147,99.6148152847309,3,2,0.948645518440753,1,1.44769788742997,6
"438",249834.902817034,82.4135337537155,2,0,0.639325656741857,4,3.76314178702887,5
"439",181884.042124148,49.7522976296023,3,0,0.925952966324985,5,2.11338670470286,6
"440",273073.709372431,79.7122860490344,2,0,0.956070560123771,8,1.32045489526354,2
"441",169727.411660133,49.1791010415182,2,0,0.899286885093898,3,2.1682823409792,2
"442",336150.940310792,109.519419986755,4,2,0.600951688177884,0,1.35568352404516,2
"443",170233.75171714,46.1528599716257,4,2,0.802945101540536,7,2.67358139227144,6
"444",313269.521463197,97.3279435525183,2,0,0.85853275982663,8,2.21807524154428,8
"445",256380.130538251,76.7096185754053,3,2,0.895699749421328,3,0.893671887228265,7
"446",208003.646303783,63.6925632355269,3,2,0.862928396649659,7,3.27069873781875,7
"447",240245.248976047,72.9054373386316,2,1,0.997479122225195,5,2.0153224527603,8
"448",222848.157060216,66.4858282415662,3,0,0.916349367238581,5,2.55344550940208,2
"449",191810.978881549,53.0691067851149,3,0,0.994459535181522,7,3.86053285957314,5
"450",300383.383160806,96.329549588263,2,1,0.869789262395352,6,3.51332083542366,5
"451",190464.810070582,52.0867855916731,3,1,0.896472522802651,0,1.70672382111661,2
"452",207107.774206321,62.6073814218398,3,2,0.827787770889699,6,3.3453075713478,2
"453",253377.386935521,78.2352511526551,2,1,0.991336043272167,7,1.32900335954037,8
"454",290501.466571237,99.881198820658,4,2,0.88483570041135,0,2.75992879283149,2
"455",294452.930255909,97.4808262882289,2,0,0.744309364259243,7,3.78530778666027,4
"456",311129.790966632,102.558116060682,2,1,0.975296400394291,2,3.71949360822327,8
"457",269587.728411774,83.8039827346802,4,2,0.811172597762197,1,0.525529781938531,5
"458",271808.010412147,85.7550023635849,4,3,0.743489786051214,1,1.35861625871621,4
"459",297367.49538593,99.8735922959168,4,1,0.690185196883977,3,2.65243541041855,3
"460",346883.825072786,108.862209417857,2,1,0.897203235141933,6,0.509423471754417,7
"461",321670.958581031,105.42181213852,4,3,0.88644967218861,0,2.304053408443,8
"462",171133.493504953,49.0771657484584,3,0,0.602926580794156,5,2.74812871986069,4
"463",227881.927402224,67.7139222202823,4,3,0.69533735094592,2,2.64483678899705,6
"464",321609.594191657,108.549580826657,4,3,0.734138418454677,3,3.81497412582394,2
"465",270080.326571013,81.1440438951831,3,0,0.949051421508193,7,1.49551978893578,6
"466",161994.816260878,49.3811219336931,2,1,0.692587898578495,2,3.3769003773341,2
"467",172055.465417914,47.5430754467379,3,2,0.715546592883766,6,3.37189609871712,8
"468",269644.818177097,86.8809952097945,2,0,0.793954167980701,9,2.37835520936642,2
"469",195637.785262894,58.7354321661405,3,0,0.799558323435485,7,3.08829016727395,3
"470",191442.652419559,54.4652075611521,4,1,0.729794674832374,2,1.8613906360697,3
"471",261311.152570415,81.8276591179892,2,1,0.891815612092614,5,3.67925348319113,7
"472",216975.005778251,66.1787724285387,2,1,0.889720738027245,8,3.5365270934999,8
"473",225708.842928172,69.3202602840029,3,2,0.61724322065711,8,2.89486832323018,5
"474",225770.633931621,65.4494456236716,2,1,0.914277588296682,9,2.27803316153586,4
"475",357648.771586944,116.26865008031,3,2,0.975962689053267,2,1.88464536238462,8
"476",295157.269636402,94.1548987745773,2,0,0.996626366581768,2,2.62613419734407,4
"477",289161.335110199,90.152438536752,2,0,0.895283686276525,4,2.59963826625608,3
"478",239732.88025381,72.4601402983535,2,1,0.872892443928868,0,2.90423123270739,7
"479",160621.332314215,45.7712127291597,3,1,0.733762531448156,6,3.32553348259535,4
"480",301009.429335245,99.5656243048143,2,1,0.657795989699662,3,3.42698917561211,2
"481",322005.290316883,104.095777280163,2,1,0.977213106490672,4,1.04434596956708,6
"482",306708.166564466,97.9211533488706,3,0,0.719054161198437,4,2.61745918856468,5
"483",253905.493163737,76.8374606373254,2,0,0.640331447217613,4,1.17454532056581,3
"484",308400.420564809,93.5592593438923,2,1,0.774078497011214,9,0.664991684141569,3
"485",174872.276641661,47.2265151317697,3,2,0.744867108762264,3,0.604796133120544,8
"486",238177.359484369,70.7467397314031,3,0,0.605528036504984,7,2.24767704901751,3
"487",301802.97462747,93.0024975026026,2,0,0.734798836242408,5,0.847650269861333,4
"488",240589.068239904,75.64436353161,3,0,0.991282062325627,5,1.85222220420837,4
"489",236810.391196166,66.1088288866449,4,3,0.96282041715458,2,0.562848659232259,6
"490",281443.103731028,85.2715367730707,4,2,0.855130192544311,9,1.97741682839114,3
"491",232610.159057775,67.6426369627006,4,3,0.800122113432735,3,1.35276543733198,3
"492",311983.696479234,105.291119024623,4,3,0.740314804483205,6,2.32329283084255,6
"493",241153.29003334,67.6729956048075,3,2,0.826458105165511,9,1.06739384878892,8
"494",275330.689954222,88.3884859783575,3,2,0.796310036350042,5,3.31252438796218,3
"495",324262.379808002,102.9100055038,4,1,0.654680306371301,9,0.827134525054134,3
"496",264825.531346607,85.9419157134835,3,1,0.62649413831532,0,1.82469280040823,3
"497",297081.391681451,90.8532142045442,2,0,0.92156968805939,0,0.831925143138506,3
"498",204598.871713853,62.2678207105491,2,0,0.858492737263441,3,3.95663594105281,2
"499",248591.542376904,77.7919999428559,4,3,0.879297119192779,2,3.68110522709321,8
"500",303523.166008759,93.1565352296457,3,0,0.785328765772283,5,1.29082242771983,8
"501",315637.366766576,104.851205418818,4,3,0.892607379518449,6,1.6578035550192,6
"502",239829.492962337,71.5244675567374,4,1,0.739818086382002,7,0.671299478621222,5
"503",250321.853153291,81.2343402521219,3,2,0.89388233628124,2,1.81723778275773,5
"504",309576.462944737,104.478335286258,3,0,0.959310041926801,1,1.96757099835668,5
"505",230619.832296507,67.5942508026492,2,1,0.942100542783737,7,0.540672136703506,3
"506",226490.161403082,65.6409631180577,4,2,0.803962275665253,0,0.935066206147894,6
"507",230865.841173101,66.2193733721506,2,0,0.810153783485293,9,2.62639943498652,8
"508",328740.126078366,108.60248006531,3,0,0.80695878053084,6,2.76802252908237,6
"509",224632.137039676,72.201633079676,3,1,0.828986070305109,8,3.58651594014373,8
"510",277776.331940782,93.7033586658072,4,0,0.841341318562627,6,3.40683931275271,8
"511",181748.315293691,49.8134025593754,2,1,0.683516844175756,7,2.87727443408221,2
"512",199624.886366073,56.7803680594079,3,1,0.607545395754278,4,3.29857378941961,6
"513",241539.305292186,73.7707788753323,3,2,0.995767517387867,0,1.47671665076632,2
"514",277011.961336946,86.5237539215013,2,1,0.933197631500661,3,2.80844648904167,8
"515",205329.815563513,58.4508671821095,2,1,0.69449698952958,7,1.7407968682237,3
"516",352291.152183549,117.244592610514,2,1,0.756619427446276,7,0.910325328586623,3
"517",220041.00086668,66.0227656352799,4,2,0.907101827487349,7,3.79780569160357,4
"518",250151.995768654,77.6125075283926,3,1,0.646365395188332,7,3.21839792188257,4
"519",346311.657405691,118.214510036632,4,1,0.614887756947428,8,3.97387029393576,7
"520",262518.920906237,79.5617496874183,2,0,0.617894808668643,5,1.73062314477284,6
"521",234927.63546377,70.5955876491498,4,2,0.859668982680887,6,1.57339204568416,3
"522",322661.723539815,106.962168506579,2,1,0.977023815643042,1,3.31967307301238,2
"523",276385.87681856,86.2508524779696,2,1,0.654481414984912,5,1.53132279368583,3
"524",257896.820415393,84.0055922674946,2,1,0.73335490366444,3,1.7833008976886,6
"525",168398.895254941,46.5929229499307,2,0,0.7971924521029,6,3.284335315926,5
"526",231388.079078635,72.9039588058367,3,2,0.721646529994905,1,0.87355547468178,5
"527",285320.349705173,87.6493195875082,4,3,0.80658237086609,8,2.64314241183456,2
"528",200890.802028473,65.4899856238626,2,1,0.623425302002579,1,3.32138199300971,8
"529",204542.011529906,61.0191930946894,3,2,0.715352955274284,4,3.37812301283702,3
"530",282641.765412991,91.4645890169777,4,1,0.689402266964316,1,2.89358373603318,2
"531",346618.706865353,119.789733043872,3,0,0.913073960971087,4,2.81703545420896,5
"532",292590.123275877,94.7683399531525,2,1,0.905568456184119,4,0.983134445967153,8
"533",243282.409620471,74.8400652827695,3,2,0.990407971478999,5,1.36754293041304,7
"534",161334.512868081,45.5058297479991,2,0,0.742337073944509,0,1.961885899771,7
"535",327816.427892889,104.194012486842,3,2,0.793942429218441,0,0.811766894883476,6
"536",215483.973707887,61.2135164311621,4,1,0.756944376416504,4,1.58379169157706,8
"537",274356.449919171,88.3590876404196,2,0,0.882071448117495,3,3.38586575549562,7
"538",302256.848584162,98.2220569322817,2,1,0.908943236619234,9,3.42664739536121,8
"539",365387.652854668,118.613249725895,4,3,0.988430692534894,5,0.584985155961476,6
"540",364968.833053834,119.721092486288,4,3,0.65339127657935,4,1.24006032373291,5
"541",214987.592900521,60.0915578822605,4,2,0.851887534186244,9,2.12764436926227,4
"542",338091.3774207,119.671684205532,2,1,0.607991643063724,2,3.41094536718447,2
"543",250097.680003848,76.4914285030682,3,2,0.983490184880793,2,3.50705202121753,3
"544",343345.958994469,110.799490094651,2,1,0.738788586761802,2,0.761530697811395,4
"545",303068.925667554,96.5730578277726,4,2,0.96476467680186,4,3.37211997492705,7
"546",346603.033850668,115.013008732349,4,1,0.967097484413534,7,0.765867199050263,7
"547",219731.89157492,64.4819079246372,4,0,0.613044704124331,8,3.06774090777617,5
"548",298691.661028774,97.7972369338386,3,2,0.809559587575495,1,3.36257079395,3
"549",172671.99352046,47.7760767436121,3,1,0.730779002141208,0,2.7099489395041,2
"550",203917.67286486,65.6459543493111,4,3,0.664375954121351,4,3.92091182421427,6
"551",173643.481903127,47.3744104255456,3,1,0.620353226270527,7,3.73294629598968,7
"552",309014.92625766,101.442887848243,2,0,0.656935995072126,1,3.03351072536316,7
"553",225281.690606498,64.0628373005893,2,1,0.760081413947046,3,0.789147792151198,6
"554",272038.142891717,87.2125699406024,2,0,0.929274887032807,9,3.29710357938893,4
"555",172068.229239434,45.7467006566003,4,3,0.982203665748239,5,0.569244634825736,8
"556",209707.494805334,62.5493041577283,4,1,0.902543288841844,2,3.51582000439521,6
"557",181873.933912371,52.0793718332425,3,2,0.888213439192623,9,3.88935010123532,5
"558",347076.765998616,117.168781823711,3,2,0.645163303986192,1,0.731764122610912,6
"559",228093.6862214,64.4548789586406,3,1,0.924299146886915,4,1.34234326251317,4
"560",342772.368941107,115.189249160467,3,0,0.845107903517783,5,1.69449943979271,5
"561",320919.844581746,107.12724429206,2,0,0.6621825854294,2,1.1217984521063,2
"562",298996.588785783,95.1618996961042,3,1,0.777725080121309,9,3.87720360548701,7
"563",225669.238301925,70.2284254704136,4,2,0.936969008110464,3,2.40315154625569,4
"564",287480.412479141,90.3035363985691,3,2,0.828113054670393,4,1.35991095565259,5
"565",190256.258517387,56.5170148084871,2,0,0.927430965565145,5,3.91968747170176,5
"566",248321.125258808,78.6213170550764,2,0,0.991203161608428,7,3.37547161837574,5
"567",314418.393228552,105.082013695501,2,0,0.74395217448473,3,1.37469854543451,2
"568",274806.757647544,84.7627532249317,3,2,0.62800106741488,7,2.05945911305025,3
"569",197609.15526317,52.444109005155,4,3,0.808246934507042,5,2.09710723324679,8
"570",255481.667550514,82.0808701438364,2,1,0.987551701813936,8,3.46854062902275,6
"571",310295.31309905,100.8505797002,3,2,0.677059582062066,1,0.969266432570294,4
"572",196979.53745909,53.2484529528301,3,1,0.676999241672456,4,1.52976541628595,7
"573",304841.80797427,95.2119125565514,3,0,0.670891012996435,8,2.2847506783437,8
"574",286449.877227424,93.5449983214494,2,0,0.617690172884613,4,3.96140486386139,3
"575",196613.76626743,56.3412768230774,3,2,0.970384979434311,5,1.93032798892818,7
"576",333406.37725906,108.955951278331,4,0,0.797222686093301,9,3.46058245911263,5
"577",311572.962344508,98.0609838024247,4,0,0.934334124065936,1,1.53066330798902,4
"578",234418.066351092,67.3823698586784,3,0,0.862258759420365,3,1.69540548871737,3
"579",265820.764056407,84.8280206427444,2,0,0.649542067945003,8,2.06842411553953,6
"580",170132.501801243,47.5230406550691,2,0,0.995217370893806,4,3.11020307871513,2
"581",236498.478146968,77.9387059842702,2,1,0.607689844444394,0,3.59027646493632,7
"582",250460.469811456,73.3266378915869,4,1,0.963293602224439,6,2.17573111644015,6
"583",222178.980371798,66.8750006170012,3,2,0.830074904579669,4,3.84190373017918,4
"584",363159.048135043,118.438121262006,4,1,0.724743726663291,4,1.20862900221255,3
"585",263239.67380228,82.1725122677162,3,2,0.972991932928562,1,2.86190565896686,6
"586",307264.438313432,102.606421090895,4,2,0.681210757419467,7,3.42535792116541,7
"587",163017.334310804,47.4029414984398,2,1,0.960226164478809,4,3.45090436306782,6
"588",338352.388387895,112.386402067496,2,1,0.847116824518889,5,2.07167958607897,7
"589",348680.885895155,110.526431403123,3,0,0.853979045897722,9,1.13751871464774,3
"590",274228.269509971,85.306314668851,2,1,0.735751668177545,1,0.591437479131855,3
"591",190557.050436153,52.3413279431406,2,0,0.904829849861562,7,0.536444241413847,7
"592",243940.924910596,76.2374922330491,4,0,0.6900520702824,3,1.70004194509238,8
"593",204763.260749984,60.2315944957081,2,1,0.915794460847974,9,2.12352655245923,6
"594",172701.012941659,49.1680450667627,4,2,0.927257889602333,5,3.94500020716805,3
"595",219610.36684562,69.1443732229527,4,1,0.659462013654411,6,2.71322474931367,5
"596",352364.927087096,118.591894138372,2,0,0.606792056374252,8,1.67356153880246,8
"597",288134.101571981,90.4602408804931,2,0,0.620232339669019,6,2.30497640906833,6
"598",361750.948509085,118.256508156192,2,1,0.624129234161228,9,1.34725805779453,3
"599",204587.430809857,55.6708815379534,3,2,0.625844482053071,8,1.84496161609422,7
"600",341653.098968673,114.691107730614,4,0,0.972490068804473,3,0.63013652083464,3
"601",328754.492387758,103.569015981629,3,2,0.976044978667051,8,1.8571567813633,5
"602",336953.70926219,106.731716652866,3,1,0.96163237914443,5,1.78949211072177,3
"603",285680.015675374,88.8035844010301,4,2,0.722478100005537,8,1.17430524074007,4
"604",294699.128459208,93.2925993972458,2,1,0.889483710937202,9,3.66935083945282,6
"605",174701.936027966,48.855696239043,4,2,0.698253213521093,4,1.09365479485132,6
"606",223795.040061814,69.6899747522548,2,0,0.741789911128581,2,1.60902882076334,6
"607",350832.230433705,117.440044727409,3,1,0.728397752158344,8,3.14927755552344,3
"608",209707.22061384,64.2769428889733,2,1,0.820258998963982,1,3.39004152361304,8
"609",335162.719435408,112.054689594079,3,1,0.912603970989585,0,0.502954636118375,6
"610",240130.729274242,76.0354115848895,3,2,0.877067834418267,3,2.82065224647522,4
"611",240057.909571449,71.4141866646241,2,1,0.979905327968299,0,2.25910280738026,5
"612",311914.053223911,101.955002661562,3,2,0.660931636765599,4,1.20624901587144,4
"613",235897.773033939,68.5928686510306,2,0,0.658937997929752,3,1.53467355703469,3
"614",254114.952822682,77.4541486857925,2,0,0.985203235130757,0,2.30583099985961,7
"615",223415.052460507,68.4139437088743,4,2,0.956964172795415,6,1.72084673913196,8
"616",218400.661678053,63.9843981934246,4,3,0.664831794425845,3,1.89221508882474,7
"617",235556.538717123,72.878567611333,2,1,0.872388285584748,4,1.29781565861776,6
"618",255521.998408367,86.385874687694,4,2,0.629955550935119,3,3.67073555837851,7
"619",356255.466820789,119.217695865082,2,1,0.923752489034086,9,1.95233670249581,7
"620",300849.358225125,96.6556916234549,3,1,0.655482595972717,9,2.34648125385866,2
"621",314039.668696932,102.003767159767,3,0,0.793552325293422,2,0.97118611773476,4
"622",225468.659647973,73.2316053926479,4,1,0.72433176767081,0,2.02626485296059,5
"623",300820.981828612,96.8850964203011,4,1,0.715285645052791,4,2.91281967307441,6
"624",285013.053416042,90.6919238960836,4,2,0.784094694722444,7,3.2695159757277,5
"625",234096.515217097,66.7759079940151,2,1,0.911765778437257,5,2.32910579734016,7
"626",343916.148569202,110.469986322569,2,0,0.678915689513087,9,0.690344185451977,4
"627",250797.070788569,71.8636925902683,4,2,0.680954109877348,7,1.37093045259826,8
"628",340234.153030789,116.84897516272,4,3,0.813459131959826,8,2.87622795626521,6
"629",285070.08634985,95.6858630978968,3,2,0.81438827989623,4,3.92362099722959,6
"630",167543.675041758,50.5763003532775,2,1,0.911927760113031,1,3.56259186775424,3
"631",278173.11960482,89.5114819798619,2,0,0.835452208295465,4,2.57544076885097,2
"632",242023.675363278,71.4251562184654,2,0,0.687780753709376,8,1.00225822161883,8
"633",212426.530946046,62.4701630836353,2,1,0.965085276495665,2,1.30378203140572,6
"634",209851.885866374,57.2611394443084,4,2,0.85659573674202,8,2.72639573423658,2
"635",204044.503437588,56.9718004250899,2,1,0.979906029626727,4,3.34369428479113,5
"636",288720.01552186,95.432213942986,2,0,0.892186119314283,8,2.7315603075549,8
"637",289417.458312935,88.477630923735,2,0,0.604842555802315,9,1.92788604437374,7
"638",220895.132493344,63.3343299664557,3,1,0.972155641764402,7,1.32743382861372,2
"639",314872.042468167,104.991443669423,3,2,0.961899526696652,1,1.34229040436912,7
"640",245610.571914935,73.2137659960426,3,2,0.974903988465667,7,3.4899703200208,4
"641",362213.673272519,116.996142627904,2,0,0.619258129131049,8,0.712460485519841,8
"642",328980.286711128,108.139377016341,2,1,0.663705866225064,7,2.98544544691686,3
"643",345084.709390765,115.784750062739,4,2,0.929598593898117,6,3.32144367333967,8
"644",214858.038646867,68.2900171657093,3,0,0.913525443710387,8,3.78920279396698,5
"645",293664.254101459,92.080725710839,2,0,0.832872525416315,6,0.72543766675517,8
"646",282828.841511975,90.1463729725219,2,0,0.701304522994906,9,1.50945474940818,5
"647",214180.757572991,64.4964501075447,2,1,0.771019957587123,7,1.74715956056025,5
"648",216519.608927309,61.6959381429479,4,2,0.95058900360018,4,1.66387847589795,2
"649",188037.239194848,55.5769737507217,2,0,0.696240145154297,1,1.91066438774578,2
"650",328965.713624377,109.600408624392,3,2,0.789030296076089,0,3.0225924293045,4
"651",262108.085519285,73.5765170236118,2,1,0.818807030376047,8,0.575969929923303,6
"652",257290.143389371,82.8959111287259,2,1,0.728717494942248,0,0.623396612820216,2
"653",295144.198552938,100.387440993218,4,2,0.748101013433188,1,3.48851104278583,3
"654",270377.127915504,84.2917891556863,3,2,0.893342929612845,8,3.25579673587345,6
"655",166425.719721476,48.5175667377189,4,3,0.936916484031826,2,3.25881178514101,8
"656",327624.200650142,110.70801010821,4,3,0.794914194848388,8,2.93618483969476,7
"657",233822.513566236,71.9560611632187,3,0,0.684152138233185,6,1.78451385372318,8
"658",335951.226757141,105.560076241381,2,0,0.927921344339848,6,0.698778505669907,8
"659",197819.219182129,59.2728167760652,3,0,0.810507790371776,2,3.30762435961515,2
"660",350962.746076402,114.272877217736,3,2,0.696526159811765,3,1.53004739538301,3
"661",258930.663711159,77.7841010293923,3,1,0.965438624471426,7,2.40985877159983,6
"662",314527.752417023,97.6162900321651,4,1,0.967007168289274,5,0.610753912711516,7
"663",206770.882438403,60.731231746031,3,1,0.962651511095464,7,3.69813460472506,3
"664",331657.288645743,106.690677789738,2,1,0.93294086791575,3,1.28661346435547,7
"665",301247.915793792,93.9623272558674,2,0,0.898755359463394,5,2.11902814300265,2
"666",336601.32296104,107.911774206441,4,1,0.706359757017344,7,1.49218348204158,5
"667",263526.342003956,86.1625844542868,3,1,0.820727550052106,0,2.24747588427272,6
"668",212145.565186045,66.7034557834268,3,2,0.647938240971416,0,1.77001712389756,7
"669",345473.188073956,117.676549293101,2,1,0.702678908128291,5,2.65619318734389,8
"670",256929.790323949,85.2681297040544,3,0,0.95794328674674,2,3.27319606754463,8
"671",224913.068677299,71.8173341697548,4,2,0.726423031557351,1,2.87599010684062,5
"672",244779.111596057,72.4072094704024,3,0,0.923364758677781,6,0.596081408206373,3
"673",189718.103150255,48.8433469715528,2,0,0.855053293798119,0,0.776197572122328,6
"674",313325.491956202,100.656911601545,4,2,0.824988021701574,7,0.758941474254243,4
"675",227789.86806341,68.2915689353831,4,0,0.915756919886917,5,2.54558477143291,2
"676",303405.344173894,101.742621213198,2,1,0.606666817516089,3,1.12657743494492,5
"677",261392.503886018,85.2330194832757,4,1,0.615310710202903,8,2.32321673072875,5
"678",231984.744197805,71.7116668517701,2,1,0.78963940218091,8,2.89919874363113,2
"679",304958.330458845,102.967568188906,4,2,0.614128918200731,9,3.81453756859992,4
"680",257819.267958053,75.9485099685844,3,2,0.942432496696711,6,0.536601678235456,8
"681",240045.348295011,73.6890344345011,2,0,0.968686426896602,3,0.884607934625819,6
"682",293172.241474385,93.6380224465393,4,3,0.898482187092304,9,1.41595816181507,2
"683",343141.278018826,112.804454552243,4,2,0.886006324645132,7,3.15401797369123,7
"684",344271.994622191,114.860633014468,3,2,0.628678901959211,0,2.23673032002989,4
"685",191362.865359173,52.5130769109819,4,1,0.845889726374298,6,1.25164497923106,4
"686",246684.144226951,73.3910895581357,2,0,0.802766488678753,7,2.48806864686776,7
"687",208923.81614889,58.2585788320284,3,1,0.827757758367807,8,1.60493795538787,4
"688",268808.119774563,83.4388837439474,2,1,0.797856600303203,4,1.70924669981468,2
"689",351878.687787335,116.868547308259,4,3,0.630391713697463,1,1.39907310344279,8
"690",273586.980204331,87.9634606756736,2,0,0.621024649497122,8,3.47251877316739,5
"691",171510.84396732,49.8245468409732,2,1,0.622745924815536,1,3.98362047341652,4
"692",334156.198264565,113.951316957828,4,1,0.865184095967561,0,0.987215338507667,2
"693",242679.482571664,74.991316027008,4,3,0.84258929239586,0,2.11002944328357,8
"694",209498.549862998,62.133928660769,2,1,0.607281439937651,6,3.02317663468421,3
"695",293072.97851122,93.2169770286418,3,1,0.846148029435426,7,3.88311931630597,3
"696",293560.148193501,97.9863454517908,3,2,0.655720172915608,0,1.22427964885719,8
"697",204461.532655172,63.432894005673,4,0,0.965516028087586,5,3.85292774497066,6
"698",272876.496186829,85.0046052352991,3,0,0.82140116430819,6,1.05542476568371,6
"699",254297.629740788,78.398992207367,4,2,0.690227312594652,8,2.50658981734887,3
"700",353524.350126972,115.474517910043,4,3,0.965029798168689,2,1.15582097822335,4
"701",328982.138103689,112.272356373724,4,3,0.693912393134087,8,3.29303732828703,8
"702",293225.824136403,88.6020026856568,2,1,0.776104400027543,2,0.514514324488118,5
"703",182157.014225028,47.7567479701247,4,2,0.612604127358645,7,1.44176501873881,5
"704",234269.366252469,69.5110031857621,4,0,0.964123575761914,7,2.9479341871338,3
"705",225591.940495302,65.3818964073434,2,0,0.743557892367244,7,2.87044407136273,8
"706",179013.064291445,49.7456760134082,3,1,0.966342670749873,0,3.42418323806487,4
"707",368713.883800549,119.987728666747,4,2,0.814201724808663,8,1.1061250907369,5
"708",315660.057616769,103.140281058149,4,2,0.656518229003996,2,3.02646008669399,7
"709",241867.997048656,75.6259573088028,3,2,0.758825055975467,0,3.26943187322468,8
"710",260286.508985446,78.6357165535446,4,1,0.642690924741328,8,0.528885882114992,4
"711",355406.420164974,118.629533615895,2,0,0.954874694533646,4,1.59511769306846,3
"712",249234.348539962,69.8608590918593,2,1,0.993590246327221,8,1.40346155501902,8
"713",186387.887916062,45.8814436092507,2,1,0.666995597723872,7,0.561562410439365,7
"714",159943.363851169,45.9538864425849,3,2,0.846810386050493,3,2.46025532123167,2
"715",204241.90802651,58.2558893412352,3,2,0.653366742189974,4,2.99901859264355,4
"716",222037.998639513,63.8381021143869,3,2,0.607775451615453,6,2.73037759680301,8
"717",234882.820478291,75.2070830832236,3,0,0.862818327639252,3,2.00434637407307,2
"718",343197.043864639,113.521482206415,4,2,0.986851806472987,7,0.913967430242337,2
"719",248142.835636856,77.7955951332115,4,2,0.997183925192803,9,3.57807462150231,5
"720",229245.718937367,70.092945661163,4,0,0.791547372564673,5,0.950526664848439,7
"721",239529.813221772,70.8425649313722,3,1,0.830497839208692,9,2.20957034872845,2
"722",356731.498644105,118.666892771143,2,0,0.677691737283021,8,1.85950445418712,5
"723",211414.105982287,60.1905078906566,4,1,0.823996325489134,7,0.808607128681615,4
"724",321348.925218568,114.363289960893,2,1,0.614809050783515,2,3.63429623981938,4
"725",188539.007148938,50.869160592556,2,1,0.750825732480735,5,2.52201112057082,7
"726",202915.086703375,57.1468639466912,4,1,0.724884855095297,1,1.48435491416603,8
"727",163337.817766936,49.5102620031685,3,2,0.660259113460779,2,3.23054129979573,4
"728",352418.827809859,111.173818695825,4,2,0.779450779315084,8,0.643053218023852,7
"729",186168.795177829,55.5983343150001,4,2,0.919281347468495,0,2.82872164878063,3
"730",312128.000541823,104.82723251218,3,0,0.82520152553916,5,1.88083962816745,7
"731",216125.808205921,68.4338669863064,3,2,0.930707986280322,4,2.96954024687875,6
"732",204292.674904689,52.0134735200554,4,1,0.964298537746072,6,0.833833757787943,5
"733",302202.327855164,99.0721751516685,2,1,0.644177386164665,4,3.61332170222886,5
"734",250436.006489559,78.8943688489962,2,0,0.740697793196887,6,3.8505136759486,3
"735",272619.286680827,87.0832552830689,2,1,0.689844584558159,3,2.52571983681992,3
"736",244241.901371162,80.6092636822723,3,0,0.894533196277916,0,2.9610871153418,3
"737",360945.173445391,114.694795575924,3,0,0.674289362598211,8,0.682555658044294,3
"738",290503.314565867,97.0450410491321,2,1,0.833647623844445,7,3.93093471892644,4
"739",301858.735568821,100.548073147656,3,1,0.717086831387132,3,1.64469471166376,2
"740",253016.707867384,75.9283502341714,4,0,0.859698240738362,8,0.946521884645335,4
"741",235735.469057923,77.5898244220298,2,1,0.99649605518207,0,3.7958277935395,6
"742",296529.232421424,92.422953142086,3,2,0.884802061971277,2,1.34213294798974,4
"743",336002.674045623,105.153206367977,4,2,0.932133154664189,9,0.835785549483262,6
"744",360267.067166045,116.236936608329,2,1,0.941884181648493,1,0.987525995820761,4
"745",320616.064960137,108.359485357068,4,2,0.69716886440292,2,2.18973487382755,8
"746",245460.037634475,75.4476912715472,2,0,0.879261449351907,9,1.61520585929975,2
"747",243668.694862048,78.1358348485082,4,0,0.696848692186177,7,3.27427824644838,2
"748",260553.372462513,84.140557916835,4,3,0.957635295949876,8,2.85763060091995,2
"749",212543.095692992,69.0513285971247,2,1,0.946793332695961,2,3.84938030294143,8
"750",175707.66836952,47.5766658189241,2,0,0.8086461128667,3,1.49896190012805,8
"751",342940.215631621,117.439787437906,2,1,0.628776053059846,7,2.2349219560856,2
"752",302827.785550966,97.8347782732453,2,1,0.772234181407839,4,2.14663243107498,7
"753",227496.370334527,67.2793845750857,4,1,0.886318871378899,9,3.91518182097934,2
"754",252393.96031911,76.4517368038651,2,0,0.616533791646361,6,0.789573310641572,5
"755",295219.428689103,91.1245842743665,3,2,0.736615116894245,3,0.562616739072837,7
"756",257180.324287852,77.6903723878786,4,2,0.965542879886925,6,0.592216497054324,7
"757",333062.97651364,106.22308067861,3,0,0.951251110807061,5,1.27217516419478,8
"758",285423.157081939,88.4291406359989,3,1,0.762467152066529,4,2.36948472226504,8
"759",348883.388049318,112.152700532461,4,2,0.623777725361288,8,0.587136414134875,2
"760",211312.775753671,59.5589412131812,3,0,0.750609827414155,6,1.08532586006913,2
"761",188424.921690603,51.8793375394307,4,2,0.775431286916137,9,2.5966960118385,2
"762",182234.594457783,48.5944994771853,4,0,0.765523471776396,0,1.9850458833389,8
"763",262337.646671454,85.2316171908751,3,1,0.808334229607135,2,2.7529414325254,2
"764",294300.48030545,94.9456161749549,3,0,0.833039537165314,0,1.82591295614839,5
"765",217976.297841873,66.6845895687584,3,0,0.727848060242832,2,0.647639761329629,2
"766",197553.848850541,58.3104762237053,2,1,0.733414476923645,4,3.47688734752592,2
"767",291471.927137696,95.9419798851013,4,3,0.852385426126421,3,1.84089172154199,2
"768",195596.312602283,53.6401281296276,2,1,0.766397370863706,9,2.06748692085966,8
"769",229832.952780649,72.7333863952663,3,1,0.610224438458681,2,3.14394157461356,8
"770",216313.338200562,64.7852650657296,3,2,0.695888870302588,9,3.61046318523586,4
"771",183906.564401928,47.7896438667085,3,1,0.964764306973666,3,0.811840327805839,4
"772",205482.227895875,67.5634818489198,3,0,0.689402140211314,2,3.69259789178614,3
"773",346192.552527296,112.767613485921,3,1,0.964533637929708,3,0.640270488220267,6
"774",343018.181628897,112.494256555801,4,1,0.733059300482273,6,0.614225041121244,2
"775",162850.216762512,48.8418195268605,4,2,0.983836867753416,3,3.85877015651204,6
"776",351648.56113831,115.327736309264,3,1,0.755259408429265,5,1.08732048247475,6
"777",235541.798360529,71.5846526250243,4,2,0.905409977305681,7,1.32390001753811,3
"778",335424.295625766,108.712020521052,2,1,0.932760153431445,9,1.87229981168639,4
"779",195921.5873637,55.2621550206095,4,2,0.793041341006756,0,1.66637916548643,3
"780",312502.625206835,106.737201700453,4,2,0.985405101533979,1,3.18701714498457,3
"781",221620.714667952,64.0188856737223,4,0,0.746001876238733,8,2.72887951612938,4
"782",270704.006439424,85.1688003796153,3,0,0.918768283724785,9,1.2269498546375,4
"783",196989.293641644,55.6980934389867,4,1,0.730074341688305,1,2.63003742136061,8
"784",232025.299454224,67.2893073863816,4,1,0.91824754467234,3,0.980157638667151,7
"785",232190.994989709,70.9774551261216,4,0,0.805752310715616,2,3.67939308087807,6
"786",298065.87014196,100.4078717425,3,1,0.824805335141718,1,3.11366214649752,2
"787",327394.122404163,110.841174277011,3,2,0.817403528280556,5,2.75087024795357,5
"788",206373.055712786,60.8915943873581,2,1,0.963417100347579,8,2.00697269139346,8
"789",302198.52783368,94.4957035174593,2,1,0.846141901612282,8,0.637745987856761,6
"790",313039.500534884,103.05731722503,4,3,0.848510042112321,4,3.96111339516938,8
"791",217033.757107798,63.02808791399,4,1,0.983062657993287,1,0.503492324147373,5
"792",302070.514743798,92.4554484011605,2,0,0.70565570872277,6,0.673532300046645,4
"793",213168.754467159,57.2695535130333,2,1,0.620931992307305,8,1.16950612561777,7
"794",192322.440536576,56.1918650509324,3,0,0.78619737541303,3,2.6603213143535,5
"795",194549.389591673,57.7939571219031,2,0,0.721478221658617,5,3.45588878158014,3
"796",349458.319834666,117.389549855143,4,2,0.876475567091256,1,1.83787823445164,6
"797",346707.299951115,111.147160873516,3,0,0.814266841020435,8,2.0839321941603,5
"798",254464.73597351,78.4029473131523,2,0,0.615696768648922,8,3.21442387916613,3
"799",252749.600117211,79.4244211621117,2,0,0.923393194843084,1,3.51734978496097,5
"800",315842.904751073,101.267912336625,3,2,0.870266570802778,3,2.6887644744711,2
"801",274732.379091671,91.2482132774312,3,2,0.824509415682405,0,2.43063019111287,4
"802",188280.710270861,54.3357201141771,3,0,0.748508621845394,5,3.76113687234465,5
"803",318782.259607571,104.891229897039,3,2,0.900860389042646,0,3.1554891273845,6
"804",202402.154820971,59.313230838161,2,1,0.640230426564813,6,2.03800790361129,3
"805",331352.27670474,113.006333371159,2,1,0.643996012024581,3,2.49773783353157,3
"806",256947.106979322,79.3317621562164,3,0,0.647040062956512,7,0.826338156941347,3
"807",335860.064970562,113.540279794252,3,2,0.71158001460135,4,1.69461648410652,6
"808",226099.425081629,69.268120463239,4,1,0.639330034609884,0,2.10424871288706,4
"809",337323.951415136,114.316799927037,2,0,0.728310128767043,4,2.00151619955432,4
"810",334593.586218543,106.475449497811,4,3,0.993112726137042,5,1.54109420394525,5
"811",164677.889454411,45.2580722153652,4,2,0.995833337400109,7,3.529255432426,7
"812",253831.856718869,76.7768330569379,2,0,0.722162041813135,8,0.619827498332597,3
"813",179997.47654493,47.1864898502827,4,0,0.96488596862182,7,2.8407445915509,2
"814",264506.933197845,81.0653949261177,2,1,0.619592058099806,1,0.745272114058025,4
"815",219788.185598678,67.8725689114071,3,2,0.628806156292558,8,2.59349332691636,3
"816",349772.156819352,116.337184170261,2,1,0.927364940755069,8,2.93944676674437,3
"817",193476.18363006,55.3959710220806,2,0,0.787291078455746,2,2.05541481473483,7
"818",206767.72797422,58.6904790066183,4,3,0.8407859637402,3,2.47628710244317,7
"819",257017.482114607,77.3005339654628,4,3,0.931227193865925,7,1.39245698228478,3
"820",227033.338426962,71.7883045482449,3,2,0.884947429038584,4,3.11163191020023,3
"821",305496.528647142,102.501323742326,2,0,0.60924730701372,3,3.40405192086473,5
"822",302166.688713478,97.5052099954337,3,0,0.944858864694834,3,0.571612694999203,4
"823",359860.102087026,118.223391763167,4,1,0.818811080884188,4,1.21318049065303,3
"824",282113.970948732,84.0704278426711,4,0,0.82112971721217,5,0.761154473060742,2
"825",283990.979594062,86.5629933471791,2,0,0.715539493411779,6,1.34316176676657,4
"826",254195.682099322,77.5790307309944,4,2,0.873877487331629,8,1.05690067762043,3
"827",339744.296335499,115.883970527211,4,0,0.953403194155544,3,2.13969427975826,8
"828",271510.773637448,84.0093601250555,2,1,0.840725008770823,1,2.12691197381355,7
"829",181325.481775799,49.1042307566386,4,2,0.645840623043478,2,0.750094682211056,3
"830",321064.772890066,108.838342140662,3,0,0.68110074037686,1,0.9592942642048,8
"831",269412.175933598,79.9908269592561,2,0,0.977617934625596,7,0.883331514429301,2
"832",244209.589064587,71.3118402566761,3,2,0.870000833086669,6,2.02939432905987,6
"833",312354.889104958,103.342594705755,3,1,0.611669510416686,7,2.1270504721906,8
"834",230755.766599905,66.118195715826,2,0,0.749284654669464,3,1.52585229114629,7
"835",175319.315447705,45.2662398037501,4,3,0.802054381836206,4,1.37045106384903,8
"836",243897.021602723,79.5401885162573,4,0,0.88007635185495,6,3.16587136685848,2
"837",315218.700829311,100.135096464073,3,2,0.91334151988849,2,1.00954602845013,6
"838",299713.571721571,99.1882563207764,4,2,0.924184734560549,5,3.32409553718753,6
"839",257721.485435846,80.8477612200659,2,1,0.854278035741299,4,0.889258833602071,5
"840",320247.154836194,106.233217682457,2,1,0.931791631225497,3,1.27691475278698,5
"841",282941.592711024,91.5692369733006,2,1,0.92484413869679,6,1.38044879585505,8
"842",294385.24296321,98.3487837994471,3,1,0.640483819227666,5,3.31668563606218,3
"843",312166.440722416,100.853322119219,3,0,0.923476602323353,8,2.5597632098943,5
"844",196936.382828047,57.2936380910687,3,0,0.969745250139386,1,2.93312360718846,8
"845",276643.330154824,85.2830962731969,2,0,0.964550140779465,9,2.40506624989212,3
"846",266966.556333005,85.3432991704904,4,0,0.641079285368323,3,2.84250879730098,4
"847",226539.073941298,68.8082788826432,2,1,0.650842776801437,7,3.15648885152768,3
"848",288756.34475972,99.018016619375,4,3,0.687411068752408,1,2.57157601090148,8
"849",274028.349103173,83.6302765400615,3,0,0.742175228986889,6,1.77697556477506,2
"850",215202.924566576,61.5849685901776,3,2,0.898446764331311,2,2.30327700474299,4
"851",353966.5517502,113.334790522931,2,1,0.914695144630969,5,0.51162656780798,7
"852",274084.255601047,90.6023024045862,4,1,0.71047544721514,1,1.57363358093426,2
"853",349411.738654599,112.712505633244,4,2,0.954077766556293,8,0.804058115114458,6
"854",217255.70623856,61.7552883038297,3,2,0.690761703718454,6,1.44125646119937,8
"855",266684.848526493,79.1353271913249,3,0,0.845243938267231,5,1.06046214012895,6
"856",195784.545005066,58.5636485181749,2,1,0.680173533223569,6,3.99919867073186,8
"857",302344.722751877,101.828992220107,3,2,0.681206691917032,4,3.81442534772214,7
"858",279320.57407836,83.1283023103606,4,2,0.694523383956403,5,0.860497795278206,7
"859",280091.483180877,90.8607576729264,4,1,0.941268627811223,8,3.51948652637657,6
"860",236961.324920878,71.6174580843654,4,3,0.634315632842481,3,1.94327190320473,6
"861",318494.756959728,101.766991002951,3,2,0.696843365672976,2,1.45618774031755,7
"862",302085.036469623,98.8273267855402,3,1,0.933682594634593,5,3.65182382322382,4
"863",173564.859190141,51.1988245288376,2,1,0.843335617426783,0,2.75885590305552,3
"864",280270.659558126,89.331125181634,3,2,0.665505210310221,7,2.47093876183499,7
"865",228553.597310442,69.8541109263897,4,0,0.877367605362087,8,3.94609923346434,7
"866",172993.529816042,47.52117489581,4,3,0.969829691480845,1,2.27070975792594,2
"867",288787.995534483,96.998627447756,3,2,0.749882555287331,0,2.45484878972638,2
"868",177413.653657539,48.8718422641978,2,0,0.951001146808267,8,3.20987364812754,6
"869",329024.736183579,105.837531136349,4,2,0.614062555413693,9,2.0898475056747,3
"870",327846.505910275,109.033183635911,4,1,0.702945224754512,8,2.82706789881922,6
"871",290184.556388762,95.7137852779124,4,1,0.64827066026628,6,2.97080379317049,5
"872",233790.937863174,74.2454373382498,4,3,0.763575308211148,8,3.5769248411525,3
"873",212807.976988377,67.7159134461544,2,0,0.675704549998045,8,3.34778829896823,5
"874",315572.163309553,105.942163219443,3,1,0.778298720996827,3,2.1001958490815,8
"875",356434.900577529,114.843067968031,4,1,0.886386473476887,9,2.58424168732017,2
"876",345243.201947189,117.65572999022,3,1,0.623789331130683,9,3.23327133525163,4
"877",260489.050372737,79.7270567435771,2,1,0.605060486774892,4,1.38513150229119,8
"878",328501.301532495,111.097307216842,2,0,0.734383558761328,2,2.47924339852761,6
"879",347309.272930259,115.409354165895,4,3,0.643903961218893,1,1.35629330773372,5
"880",187298.043374438,56.607414088212,2,0,0.636422626115382,2,1.62689058296382,6
"881",347223.480955465,115.816540141823,3,2,0.72279654359445,8,0.916432868572883,7
"882",300323.000992648,99.2059177416377,3,1,0.85408617015928,2,3.11480556405149,7
"883",242223.626546212,75.3013191616628,4,2,0.693139171879739,4,1.77567746397108,6
"884",343812.111449079,118.004735691939,2,0,0.64544520759955,5,2.22216973651666,7
"885",339949.215278844,113.500674428651,2,1,0.92491806615144,0,1.34571953653358,4
"886",351078.941201093,119.465207249159,3,2,0.690211430750787,4,1.68532331276219,5
"887",272667.470477405,84.3360794812907,2,0,0.680744577292353,7,2.95978658203967,2
"888",283563.819779316,85.9588769136462,3,2,0.817087214812636,5,1.14124714105856,7
"889",330449.747213977,105.032855143072,2,1,0.807827134244144,9,2.22952169855125,8
"890",262411.712941364,84.2128947365563,2,1,0.74786264533177,2,0.697444098303095,4
"891",171418.614850845,49.3216254038271,2,1,0.719381164386868,6,3.21801158820745,2
"892",272380.356853013,84.3099091365002,2,1,0.787080645281822,1,1.00620617915411,3
"893",225334.649942699,67.3504945635796,2,0,0.61756355818361,6,1.52084816491697,4
"894",259783.479605685,80.2346054976806,3,2,0.605482162069529,6,1.09767795365769,4
"895",351429.795505013,117.962999768788,4,3,0.733507446944714,4,2.35443423932884,8
"896",198279.698917991,60.3034607938025,2,1,0.894354929681867,1,2.23010169737972,7
"897",340433.694490232,109.207603846444,3,1,0.728244790434837,8,0.975408342084847,6
"898",306187.971879495,100.342037027003,3,1,0.843123707640916,3,3.73322432849091,8
"899",314941.473100684,96.3956372975372,2,0,0.737338433880359,8,0.521138003910892,5
"900",222346.65509162,65.7921449211426,3,1,0.675346506759524,6,2.05443707515951,3
"901",188218.653175863,53.7036872282624,3,2,0.968000970780849,0,2.23279469611589,8
"902",189604.34407217,53.2304400159046,4,0,0.684423515666276,3,3.55141041206662,5
"903",255008.514027926,85.5269342882093,3,0,0.660288204532117,0,3.48478380450979,4
"904",165064.189965953,50.6735392310657,3,2,0.842337809875607,1,3.83844731899444,4
"905",265089.392754016,86.5659436373971,4,2,0.892267309688032,6,3.49571145325899,5
"906",246666.61523527,79.9554202985018,2,0,0.774837957043201,1,3.96757985453587,4
"907",290745.503007085,95.9888518368825,4,3,0.91276649562642,6,3.01122197543737,3
"908",360119.350178633,117.679228830384,3,1,0.953168205264956,7,2.31067202810664,4
"909",218350.651851506,59.183131774189,2,0,0.736639263294637,7,1.28753776149824,6
"910",213109.870001208,59.2356487456709,2,0,0.935074406862259,7,2.52056680666283,2
"911",233215.39515967,67.8529947751667,3,0,0.676674640364945,3,1.56792754656635,6
"912",263962.956134812,81.9344226841349,2,1,0.693754648324102,2,2.09530644631013,2
"913",359186.462563928,115.524793543154,2,1,0.639691911078989,7,0.716071095899679,8
"914",174744.708668906,49.4538589019794,2,0,0.839700865466148,1,3.99387503892649,3
"915",225357.871351182,71.5769428631756,4,3,0.746150761842728,2,3.51933938101865,2
"916",342578.683154774,115.698663254734,2,1,0.986164906527847,4,3.60359744087327,4
"917",252037.019900396,78.696634270018,4,0,0.848148629907519,5,3.75949395820498,8
"918",359021.109545953,119.252060585422,3,0,0.809489381220192,8,2.14516242640093,6
"919",233798.008147511,68.4597564849537,3,2,0.713781137950718,6,1.15322915185243,4
"920",271537.484643282,86.9972738076467,4,3,0.761659684963524,5,3.35725829785224,2
"921",340796.741567086,118.741994588636,4,3,0.887840755749494,4,3.86397364735603,3
"922",174921.18167656,54.4017703842837,3,1,0.681307236943394,4,3.45498522790149,8
"923",202645.993565442,59.6707858715672,4,2,0.619921009708196,1,3.47185529523995,7
"924",354196.070045815,115.49160792958,3,2,0.891856078617275,7,1.80617537198123,3
"925",227094.43422826,67.9364180762786,4,0,0.871409220527858,3,1.61794585373718,7
"926",251340.824604733,72.9180090059526,4,3,0.925995232257992,9,0.801901242230088,5
"927",252953.222796787,76.895125284791,3,1,0.814536057133228,2,1.86602618219331,8
"928",351221.872565337,114.688165787375,4,2,0.829645869508386,0,0.913817909429781,4
"929",332103.004860575,108.301534031052,3,2,0.646608314942569,7,1.1207180301426,5
"930",315462.404079968,101.204677582718,4,1,0.937311739567667,0,2.15650776890106,8
"931",208330.879660905,61.8259934638627,2,0,0.980510139558464,0,3.19123388745356,3
"932",181566.383937025,51.0635310946964,2,0,0.731766698416322,5,0.911737857037224,2
"933",331137.616079301,109.983273652615,2,1,0.928603585157543,9,3.04424655961338,8
"934",185961.270753411,49.9911812238861,2,0,0.975021010823548,7,2.78481746930629,2
"935",228609.76257571,71.9879413826857,2,1,0.830430488474667,8,3.45292888197582,5
"936",357617.464076495,118.134639981436,4,1,0.80139990998432,8,1.28654575615656,5
"937",287052.263350226,92.5201970664784,3,0,0.850190933141857,5,1.8298913105391,8
"938",201852.881335071,64.5913081930485,4,3,0.847598066087812,0,3.31051226705313,2
"939",185267.854134203,49.8258652444929,3,2,0.771511590108275,4,0.870035413536243,7
"940",333045.033755014,109.886581274914,4,1,0.949593588430435,0,2.41865424567368,7
"941",180409.719705116,55.821944772033,4,0,0.784659250359982,1,2.98873933951836,4
"942",182353.398967534,54.8499781277496,4,2,0.69577823355794,1,2.97675621474627,7
"943",200375.646901317,53.383198158117,2,1,0.713437388557941,0,1.00063912721816,3
"944",229410.149076022,74.4792209286243,4,0,0.60092536797747,4,3.28799581900239,6
"945",242760.018317844,73.8775129825808,2,0,0.697060293518007,9,2.54906769644003,6
"946",296202.86453981,97.0839211007114,3,2,0.902293309103698,0,2.0469319781987,8
"947",316486.446340103,103.130535349483,4,3,0.658953044749796,0,1.39983175194357,8
"948",201098.634383059,57.9626982961781,4,1,0.603874019626528,6,3.70823350583669,3
"949",196274.768889882,53.6504985694773,2,0,0.693727445416152,8,2.5252962235827,3
"950",270229.904903215,82.479096930474,2,0,0.600215238705277,5,1.37813799025025,2
"951",206797.43878392,60.5038415221497,4,0,0.953008798323572,0,3.11499833280686,4
"952",279695.668536471,92.4452001624741,4,2,0.807713708281517,1,2.90682464651763,2
"953",300242.643724428,98.4728999482468,3,2,0.759252447076142,0,1.89459731453098,6
"954",288119.409726933,91.6463351331186,4,3,0.78816561922431,6,1.87988106661942,3
"955",227339.79786071,73.141224605497,2,1,0.676604841183871,9,3.50057478062809,4
"956",241821.411708021,68.6766077578068,3,0,0.768304128665477,6,0.700973001192324,7
"957",264743.742693681,87.3666547460016,4,0,0.976410166639835,3,3.86915833258536,4
"958",347800.505038584,116.518393600127,3,1,0.927986598946154,7,3.75660564901773,2
"959",205301.064376021,52.9829109425191,4,2,0.936644468549639,5,0.937568739871494,4
"960",260958.273824188,83.9981981366873,2,1,0.823943478800356,6,2.49975759501103,2
"961",303046.180508449,100.208027403569,3,0,0.9994175452739,4,1.44865215849131,2
"962",213144.730429514,65.3046021109913,2,0,0.631576356850564,1,0.983515366213396,4
"963",274290.235441877,93.1144808640238,3,0,0.968284050002694,0,3.35460232768673,8
"964",203239.411258139,57.8921683179215,2,1,0.958259569853544,6,3.599312343169,4
"965",286443.190531223,92.2069444949739,3,2,0.833594846911728,0,1.72330516192596,6
"966",239030.393245746,69.2506560869515,2,0,0.616638398356736,4,1.18309272953775,6
"967",272435.173106845,89.1659447969869,3,2,0.602730136085302,6,3.2583788363263,6
"968",268221.720540663,84.5678620843682,4,2,0.749277782905847,2,1.80412279011216,6
"969",352022.148910211,115.385472744238,3,0,0.926976863015443,9,3.71322934282944,4
"970",265843.251345097,86.8654883047566,4,3,0.819980790652335,0,2.74097413162235,3
"971",211459.848704399,59.929970522644,3,0,0.642641460429877,9,2.94193550897762,4
"972",307635.964128189,99.9092862114776,4,1,0.965371018555015,2,1.8930752283195,5
"973",167652.196374373,46.7408092680853,4,0,0.875033449940383,4,1.85636274632998,5
"974",279228.449798655,87.3602124501485,3,2,0.696408379543573,0,1.54133260261733,3
"975",179503.544081352,47.7695935685188,4,0,0.684284734074026,8,1.75470725924242,3
"976",300178.287325427,97.6001583435573,2,1,0.767328611202538,3,0.740346566075459,5
"977",294199.019987951,97.9362988716457,4,0,0.951636760868132,0,2.74237517802976,5
"978",249025.506376172,80.2489010430872,2,1,0.981389152258635,2,3.76509344915394,7
"979",346289.798366604,113.440125882626,3,1,0.964093696698546,7,2.44254634925164,8
"980",271481.764801778,81.3502349413466,3,2,0.760892694070935,1,1.02302053046878,2
"981",229046.788366861,72.0186285953969,2,0,0.886155155487359,2,2.5079989443766,6
"982",229431.179444073,63.9555829041637,4,3,0.954655688628554,9,2.05584991490468,8
"983",270755.142071052,87.8966075938661,4,1,0.60167695498094,0,1.31077313132118,5
"984",279292.408751906,87.2080463147722,3,2,0.635459233727306,5,0.851627162308432,8
"985",227128.42092861,68.0359834211413,4,1,0.839362707361579,7,2.80435279430822,4
"986",224875.832350343,62.2418677888345,4,1,0.962283236533403,4,1.54300947720185,2
"987",330888.410227257,111.715003346326,3,0,0.74955063899979,7,3.47757212468423,8
"988",219133.802110911,68.5160142299719,2,0,0.923494427464902,7,3.14903508883435,2
"989",246303.519248031,84.3185482767876,2,0,0.917428046092391,1,3.97344967711251,2
"990",348666.627033963,119.142061447492,3,2,0.661653648223728,1,2.35242129862309,8
"991",242064.722067793,75.1459589798469,4,1,0.978365215659142,6,2.91508897952735,2
"992",214672.030252055,64.8825600149576,4,2,0.877982088085264,8,2.20552330091596,8
"993",203715.876605595,57.4493538052775,2,1,0.986627330631018,3,3.32378856651485,7
"994",342160.650033504,117.79631710262,2,1,0.833074143249542,3,3.22652391542215,8
"995",211286.202649935,62.3154677962884,2,1,0.995853093639016,7,1.96422851609532,4
"996",291091.348730843,99.8305928183254,4,1,0.783282922767103,2,3.73983292235062,5
"997",305468.403224833,100.223080603173,3,1,0.724572732951492,6,3.22430944244843,6
"998",222539.888446336,66.5592019201722,3,0,0.986091739498079,5,2.52622111071832,6
"999",287524.056973285,88.5926984238904,4,2,0.817547631077468,7,2.08942987630144,5
"1000",273261.785172508,86.0744275781326,3,1,0.926725254114717,2,2.34246015513781,2
