"Price","Size","Distance.to.transport","Age.of.the.building","Number.of.floors","Number.of.parking.lots"
133991.352761922,57.6031144754961,4.13382379582617,14.0880399467424,3,54
191555.705215247,90.3295540530235,1.06085049908143,11.0164314243011,5,55
204376.508604339,83.401192316087,2.77260761370417,19.1572020174935,4,64
242175.536591588,107.228151998715,1.00152119027916,24.925404202193,7,41
142368.859092024,62.1151410962921,0.568984516314231,5.38537299260497,1,39
240423.51008923,104.336055710446,3.19879204558674,31.9450221718289,4,60
189187.548922002,73.4378918353468,2.17976439604536,6.78988185804337,4,40
163961.708489236,70.2199464244768,4.50312365603168,7.86617416003719,5,38
147474.145164364,66.1101594264619,4.0382654183777,6.88265787763521,4,46
134329.919657297,65.0716623861808,0.715142488130368,4.51876383367926,3,62
121558.028318681,62.1993521566037,1.45849298324902,30.8214307995513,7,63
272510.88890234,113.282741191797,2.62071379553527,8.63022587215528,1,41
268052.313866072,106.207954521524,0.759258467704058,28.2961944839917,1,60
157687.15679635,67.8607924771495,3.96179339406081,19.3822946953587,3,33
238487.614671839,101.981644139159,3.92368976096623,31.7108687376603,7,50
203657.899968392,86.2110505392775,1.23673953616526,6.59629642451182,6,60
267323.477945037,103.816102822311,3.44459711550735,13.8555495091714,1,68
261687.63620418,107.896211090265,1.46041221905034,17.8202609126456,5,66
102362.474465278,45.8808030572254,1.70331312716007,15.8094514589757,6,64
153427.780657718,63.8301719608717,1.95961211773101,11.4120856053196,2,57
226359.95162346,102.47532552341,3.56959502201062,8.11044693412259,5,54
143078.669900021,70.5419403780252,0.685266444226727,14.6595853199251,1,42
169635.362143499,69.3806951853912,0.852649057633244,6.10747220087796,2,66
240836.295344212,97.6689674297813,4.19246744923294,23.629145083949,2,48
237317.80655984,98.7639786314685,4.19984621356707,28.905225510709,2,54
183845.864204286,77.2377001459245,3.36905749305151,15.2808161778376,7,42
155968.929946762,68.6484632827342,2.72107438009698,12.4807900548913,2,63
211329.105072213,85.38725879509,0.944140527280979,4.72606484498829,5,51
189211.890369724,81.5628733823542,1.93653561302926,24.1126853902824,7,63
146741.353293598,65.045521465363,3.22431532316841,29.2524375636131,5,37
231115.669634632,102.948524819221,1.06306357192807,31.1991714038886,3,55
151150.535217815,64.679578958312,1.22703525889665,4.58723675319925,4,31
282228.74221912,116.900773071684,2.78483960579615,13.3184475223534,7,60
251656.318415439,101.963193998672,4.50320211693179,7.13190613640472,6,51
164535.230778945,82.3084372084122,0.989514385350049,20.9489437420852,7,37
170798.147629886,84.747960283421,3.51475086226128,27.619493292179,2,52
154949.180137843,59.7452097502537,1.88334279926494,6.47700710594654,1,40
141867.354803082,70.6208994076587,4.34320848749485,5.21362398192286,3,42
214094.654154677,80.3897598164622,4.33038542035501,11.948763131164,4,58
131398.582649014,74.3053046625573,4.20906826213468,31.8220683932304,3,41
235121.109297673,99.862355167279,4.37220546568278,12.6521489848383,4,64
193972.990441961,74.043975030072,3.76928387803491,24.2601378080435,6,31
237672.420783775,99.634630784858,2.64479968359228,20.7843273286708,2,31
291013.660634976,117.994585329434,1.61345858871937,5.06904141558334,5,59
179774.014436678,69.1253293817863,4.14710655377712,14.2544865873642,5,43
219098.906522715,98.8540515408386,4.76263061992358,3.7686662315391,2,44
170389.495952998,69.3930624215864,2.37436969275586,18.1933781942353,5,53
269916.255648511,112.442300525727,3.08706225594506,11.6509046824649,4,53
114455.354805249,50.0551860302221,3.80693012010306,22.8790984149091,1,57
154154.519303502,71.1945346661378,1.91333254997153,34.3987741819583,6,58
149120.186655889,61.7172115528956,1.64851308974903,23.1094857128337,5,40
188086.043799919,83.9093461213633,0.690452869399451,17.0090152658522,7,67
229029.794741313,101.700311461464,4.66866461234167,19.9351662080735,5,67
247934.220414821,95.3357144189067,0.730956104118377,6.99889964889735,4,38
94155.556745578,45.60868858709,3.75226508581545,32.4710942609236,7,37
186672.205614775,71.5937531192321,0.930657969904132,3.59326688339934,2,40
128614.279918795,54.1601199586876,0.535605947487056,1.80648584803566,3,36
153701.510902875,72.7006588527001,2.47873031534255,34.9013738301583,6,57
223375.219650082,94.3681460386142,3.20181675383355,4.6408652625978,5,40
200042.9749016,88.6410888622049,4.87945252470672,29.5437787207775,5,46
105882.325813208,52.3718468716834,1.93760736088734,34.8569856728427,6,57
191295.133114378,92.1944463963155,4.11537951533683,19.4686236246489,7,69
200375.693649489,89.205353903817,0.75093784253113,18.9243349093013,5,36
274916.020344139,115.534295251127,0.927290633553639,28.5850245696492,7,55
136992.26301067,63.966627510963,1.43451384501532,28.8576486990787,2,63
214971.999055504,85.5636457668152,4.75737229583319,28.9446725714952,7,66
252744.698693917,101.910351337865,2.77324889006559,31.2042498313822,1,35
278307.916697382,114.213248515734,3.86617348715663,2.80769118666649,7,34
205098.72778204,89.4548123865388,1.76742096419912,12.4824441061355,4,53
205874.118120502,76.8265561130829,1.80931103299372,2.63800830719993,3,65
252949.238230726,110.832541842246,1.59673591866158,34.4709626450203,7,31
181746.756877563,73.0998015019577,0.746186480042525,27.1015488244593,2,68
251703.468227828,92.0016044564545,0.977602804079652,7.35944889904931,6,56
125229.080018193,53.4229916450568,3.17072181357071,17.3030492831022,3,41
170871.259838497,66.8901686486788,0.954362840740941,4.16343421302736,3,60
273665.641720562,113.925130704883,4.93124592211097,10.4540340444073,3,32
128620.468085261,51.5505084581673,2.01801585801877,9.5352967097424,3,59
236107.959184466,97.99825030379,4.00879768736195,14.6424516909756,7,43
116251.569566389,51.390563637251,4.34510441217571,18.7830116814002,7,46
146897.727152515,62.1471951529384,0.966025422909297,31.5619486803189,2,46
118049.795004427,51.8529161042534,4.15384406794328,21.7139622569084,4,64
176782.570244064,66.6866438509896,0.725992697291076,9.81508833914995,3,52
286251.662832311,114.601188908564,3.99380569695495,2.60512863984331,7,67
220924.512300857,91.7369654914364,0.804515434894711,19.008621503599,1,53
188394.063687188,72.0525415835436,1.93818209017627,7.11754634277895,6,62
213226.317608068,85.7723380776588,1.90492668817751,6.55722925625741,6,52
162216.80198269,65.0891268847045,0.864734197733924,22.5722320508212,4,68
169859.394476433,73.248427627841,4.67113824083935,26.363415307831,5,62
186515.056845259,88.5024179227185,2.84346101258416,33.4340509548783,5,36
191408.198988634,89.6298156108242,3.85728851682507,25.8173302309588,3,38
289877.308365886,119.455606180709,2.7508990240749,13.9310175287537,4,48
254271.767781869,109.166421041591,4.25225457653869,11.7625376651995,6,65
126974.681403573,53.5004559718072,3.1616411205614,13.9660127721727,3,56
209556.322592684,87.5485413463321,0.705516255809925,15.1490730354562,2,63
197906.840782534,74.9723827047274,1.34644605696667,6.38139859959483,1,37
209695.272921756,91.0623532359023,3.51554167282302,22.4560408643447,3,55
160833.061389273,74.3894598435145,4.11898220819421,31.6154314754531,7,54
112197.201102493,49.6906216652133,4.5437542317668,12.1193320993334,6,39
223060.630454745,101.03231942514,2.2302275885595,13.8185336766765,4,57
251667.056767568,108.145761372289,3.57750711217523,29.3101302874275,7,59
170078.250822555,67.2227337537333,1.53813244705088,32.0882598320022,3,52
218577.239824675,88.6260353482794,1.47590549127199,7.96356154885143,7,62
233129.649457882,98.238141402835,0.690443289931864,2.10599294910207,5,41
272437.051776459,108.160016754409,2.70330251473933,20.1051566177048,1,51
274036.309627355,117.126478969585,3.82341893925332,27.4014826188795,6,42
148467.354778673,58.4602984122466,1.93185868707951,15.4689595117234,5,36
136934.721255554,57.4087850446813,1.9385948915733,11.1192423254251,6,50
221982.720723504,94.5074668724556,2.93552972190082,7.58519051875919,7,63
225014.841689081,93.9959494268987,1.50566488527693,16.1864675292745,7,44
98209.6574532066,46.3378791161813,4.54771737684496,26.5991969704628,2,34
229038.601859553,98.5281132208183,4.73090760584455,22.0471203601919,3,53
254503.389919899,110.186234138673,4.19664004445076,19.3201290573925,2,53
199882.545578244,82.4134393001441,2.37732903473079,15.3693694523536,6,30
212044.139288125,89.3422337528318,3.57705425051972,16.5200265822932,7,47
108019.743207285,53.6875364359003,3.99022970674559,33.3507749084383,7,53
146280.491719349,72.4306000617798,4.62705286045093,26.9942386085168,2,67
247192.883886769,101.519996328279,4.92959288926795,10.5334981512278,7,39
148114.32051842,60.8561561722308,3.41357156902086,27.5699161095545,7,34
244475.549687633,91.7435736441985,4.96039030444808,11.4641337795183,1,65
263613.323622432,111.850631375564,2.21398577047512,29.4203585647047,6,65
111863.020067446,52.7960076509044,3.49620700685773,27.4269933733158,6,38
147461.801170562,59.2512153019197,2.08490630774759,6.75740754976869,1,53
293645.572404261,119.983774276916,3.90074238472153,4.82624180661514,6,53
108190.525346029,52.440349512035,2.91915789945051,30.3620365587994,2,44
205688.080040961,90.2052158711012,1.87866971222684,26.3176513947546,5,61
107301.365917743,46.0345424932893,0.557135786744766,8.10642292629927,2,33
198480.807138022,77.5445588270668,0.912877087714151,17.1121983095072,4,42
148679.449887794,68.5276353370864,3.64355654688552,11.582015178632,4,46
122119.617115198,58.5922111629043,2.0399875252042,28.8708779979497,6,44
112504.207191545,47.4617852002848,2.91986784455366,6.07212825492024,7,53
201187.524292769,88.3442735520657,0.747760466299951,6.66511091403663,2,45
157271.297710773,72.9895201558247,3.04389487521257,2.92645101156086,1,64
109563.084716025,47.013209630968,4.20224310155027,11.848867029883,6,58
284536.00353485,117.618566220626,1.3033047785284,26.3785553658381,6,51
271792.37072764,115.20039964118,2.60699239373207,20.6231735269539,2,68
223637.798450595,88.1659493828192,3.24283995153382,16.2354599074461,2,62
176386.319662914,77.7956925553735,3.94247376418207,34.7818199903704,6,64
181247.301154136,82.4049613892566,3.35258142382372,10.8725860025734,5,56
207633.572334491,84.5438671053853,2.62107106891926,22.1051176297478,4,67
271413.355975512,116.592848788714,3.78950304118916,34.6743216686882,4,55
101809.188118436,45.6174183392432,4.93775782897137,18.6482128142379,5,55
226216.052425073,100.07834055461,3.50673260062467,22.8148053977638,5,59
217222.02684579,85.8082457666751,3.62853330560029,1.78584378026426,1,67
211882.100153287,82.1202512236778,3.37275244866032,1.83029819652438,5,33
257869.965710488,103.412164379843,2.97294566908386,23.4054124401882,2,30
292039.771877198,118.159424640471,1.12275692459662,4.04475891776383,6,65
285941.260710503,118.725413368084,4.68577679467853,11.4205018449575,6,56
135125.604544728,56.7305760970339,4.90696752164513,26.5096220732667,3,37
276481.515732897,113.601850164123,3.09166335396003,11.3071565870196,6,39
116691.554980115,51.8844757333864,2.43346568814013,12.1538171805441,3,50
260855.205354072,104.752326848684,0.927408086019568,8.34367363760248,2,36
104566.748095407,46.0091385163832,3.47880108491518,13.5466775493696,7,48
189506.178467412,69.5074109814595,2.93733617605176,5.64763755584136,1,41
161024.421126652,70.7877280935645,1.9126006673323,12.0856835194863,4,47
214623.643087502,80.2678047842346,4.19842771370895,13.2310545314103,4,30
125026.278524207,48.9221738988999,1.51822474389337,14.5153776747175,1,56
157833.149529038,73.9495337172411,2.99062570440583,9.31242023129016,1,47
252160.789384088,95.7797417405527,2.35371840896551,8.8461254183203,6,40
134737.425633117,55.0114051136188,4.33404726954177,9.64761970378458,1,37
266519.689294175,113.174224096583,2.51227371953428,33.0278329607099,5,42
281875.725699244,118.857133247657,3.70440889988095,28.5628769514151,2,57
280509.09500293,112.792637815,2.94813205162063,11.973838175647,3,55
235662.347742063,103.502815169049,4.37119987618644,34.4343881825916,5,58
187106.794281132,85.5857365694828,4.71764626575168,30.4020907953382,7,45
157196.443151013,68.7243814975955,1.48372746340465,13.1102060219273,1,42
277733.230162558,116.778990200255,3.44431982119568,17.1192167783156,3,64
136536.936624271,63.5077381844167,3.62854376307223,33.2553358650766,5,39
163378.984291067,70.8424617990386,2.19699992751703,4.19568597199395,2,45
230407.229612315,100.303877574624,4.65364745736588,18.3370093391277,7,53
179824.643807509,71.2903756520245,2.31266615749337,2.74417306669056,4,36
121929.029366416,52.9981975606643,0.993377633858472,4.87306416081265,6,54
227474.827718825,105.385208349908,4.81159620627295,32.3323685498908,2,63
203910.911453665,79.1042449290399,2.17093079735059,9.83552229683846,3,63
208810.635857537,91.5310249244794,4.87623117805924,12.7287723086774,2,42
225419.764732024,98.0879259458743,3.76874810259324,18.4590151240118,1,45
136175.207028984,57.4742557934951,3.26090771588497,13.7922691535205,3,44
182743.63071306,85.981795481639,2.03319672308862,25.0183951002546,4,64
263296.716807631,101.506153667578,0.947637475095689,16.1267254408449,6,45
151246.16767114,59.906341797905,4.09924234112259,3.64877555565909,1,30
119848.688758073,55.4893235256895,4.09176960203331,20.2673133439384,7,39
231401.536076093,82.9179694165941,2.6043663455639,2.74045741232112,5,57
141701.671580555,61.259743552655,1.19326506135985,19.733793029096,7,69
129655.642716717,54.5440218108706,4.04580956604332,17.7867056732066,5,54
148043.267411205,61.5953196992632,4.99691421177704,19.159082449507,4,58
218410.661621676,98.6993099958636,4.3109800677048,24.8505995874293,7,43
225247.122346979,97.232925791759,1.62742721161339,7.0808257306926,7,37
219348.032160582,99.277101525804,3.26124486431945,12.9158301833086,4,60
221082.242283598,95.2350991358981,4.80289060657378,18.60017036926,7,63
253789.675130849,103.615845238091,2.96936937398277,18.7077220068313,2,35
194137.325401194,80.1057195919566,2.73410118301399,17.4077024203725,7,64
123615.667035433,54.9587697652169,0.804095030063763,30.6648817965761,1,40
199529.035306626,92.5197319930885,0.56360465567559,34.8936194595881,1,65
145861.979973864,81.1442693683784,0.603738919016905,33.1323417690583,5,62
220487.605216524,90.4894179012626,4.08437735331245,2.64698128029704,6,51
156488.714649443,68.7714290677104,3.96196827618405,33.2789086443372,4,40
228879.889226946,93.7747721141204,0.877334266435355,22.6886016693898,3,65
286810.802484687,116.513901406433,4.21534180652816,1.18531628558412,4,50
158835.425573828,67.0331525488291,4.88775255659129,5.40555481798947,3,53
256383.69354117,106.409132613335,1.10053528076969,3.50886829011142,1,35
154706.776867257,60.4604382812977,1.24305415293202,18.6194790806621,4,51
113914.131184527,46.2137831363361,1.20402806834318,4.50908899866045,4,51
179107.28898785,71.0661645268556,3.08610098995268,6.89844280062243,5,63
220584.906348416,88.9601695281453,0.836831403663382,9.77979469299316,2,54
221742.36457556,89.4140582287218,1.93818005546927,19.8740478334948,1,62
181844.176953413,86.1183650780004,4.08693626348395,6.10397056210786,2,46
187228.072900605,80.1364451693371,1.24649206071626,12.8659948995337,4,62
97269.5302112671,46.3049523113295,3.40023169992492,29.4242186825722,1,55
99120.3869708353,46.3946081686299,3.9403302653227,24.213630029466,7,50
171200.486231821,70.9451942285523,2.25298019137699,19.4933948121034,1,41
251152.065170444,101.259123893688,3.48178600426763,11.6725447904319,3,33
266657.090324598,110.787231281865,3.67787887819577,26.1210522321053,6,48
275718.85744419,113.026216118596,3.07960820640437,16.8173886984587,3,59
214871.540959643,84.5326913741883,1.64969618280884,15.5075983796269,4,33
259600.704196548,110.616258705268,3.15884015674237,26.3609082973562,2,56
180020.907260965,77.7211899217218,1.07239561935421,14.7474607345648,6,49
227125.373383839,94.1764498874545,2.19163767516147,25.8590178890154,3,56
115158.201400941,56.4706653635949,4.75106464861892,30.3836145084351,4,61
178485.686117893,75.719184136251,3.05173723213375,19.1594363371842,4,35
248174.645260116,109.464160735952,1.18069051660132,23.0257001454011,3,35
269818.006124639,106.056574783288,3.0868740392616,20.3767934255302,7,40
161814.47006209,75.0937692867592,2.50435680244118,22.56275212951,5,48
157217.981357735,63.8190992921591,1.22125230939128,10.7960026795045,2,63
243514.014255209,104.979449637467,3.18333948322106,28.2754380819388,4,57
133721.862819084,53.5198392276652,0.959466762840748,13.7738796207123,1,56
104609.987600224,47.1638702542987,1.54302474285942,24.4112143921666,3,39
243818.848471336,103.753546653315,4.83018462196924,12.8250989210792,3,38
111067.157580163,46.3031487877015,1.88909249880817,10.4917159811594,7,42
227811.729248254,96.9251505320426,3.63355583627708,1.8764177467674,2,60
245847.629026595,88.2138559757732,2.10195638646837,3.60949624003842,7,56
142798.207894669,62.5510749744717,4.44782250968274,16.2730562300421,5,65
137191.140616848,56.6292853199411,4.44057181873359,19.37112860661,5,63
115495.123506519,51.7572144675069,4.39209756802302,26.1968980939128,5,50
142789.675143713,70.6729594257195,2.59486691572238,31.6289158831351,4,45
175472.739431879,69.1522057447582,1.06798458728008,19.7720882291906,5,57
246100.121672201,100.341794720152,1.50165094377007,3.73497518105432,2,32
143121.930917778,61.2772827723529,2.21735172485933,16.8867840659805,5,53
157789.69509837,58.8413296546787,1.28950767137576,2.9591445364058,1,42
167859.205825676,70.0111856090371,1.7000255708117,11.8817638359033,2,31
173416.945224063,75.9258780442178,3.81289971363731,23.1343669281341,3,38
169722.873933741,86.967042745091,1.81452281028032,20.4030965245329,7,40
171211.118893226,70.3750774485525,4.19455105101224,20.2225086339749,3,32
271593.849195425,115.594743912807,4.67945543676615,14.0573146925308,1,53
123507.179044615,54.3759317882359,4.08378559199627,1.73222736688331,6,39
213193.402660602,90.6630379718263,3.62266808561981,31.5137089784257,6,66
213785.749681771,87.7386535971891,3.30121328646783,12.2494386616163,3,63
104687.479688668,49.2256314656697,4.16096361982636,23.8674076097086,1,53
146929.964075312,62.8640066937078,0.745341976056807,13.5746659291908,3,63
244162.096430926,88.0236452200916,1.22704740741756,29.9560617040843,5,51
130388.88145424,62.4937361036427,4.51610647281632,32.1268993886188,7,40
124733.954788684,51.7946147290058,2.26734992291313,6.56574880285189,5,55
245019.416053512,105.107124445494,4.97127631376497,24.7257035668008,7,67
127070.538008044,55.3234907146543,2.54765490838327,22.8087017219514,3,55
104206.380277492,45.6530146754812,2.59006540011615,9.92066713050008,5,50
189743.561733031,72.3764345969539,2.55440780438948,11.2481950400397,1,68
217283.273624654,80.1287881785538,1.87592784396838,13.7505481047556,4,51
169494.539522896,75.0572287815157,3.66249544976745,22.5088805835694,3,30
280596.015741111,116.398623293499,3.13047557428945,22.1965341456234,3,59
207387.432930533,80.5184775777161,0.8438991260482,21.3795685390942,3,54
162042.94395213,68.4610717801843,4.05154334730469,29.8279626532458,3,35
173111.700050301,73.2245358510409,1.30872477171943,10.9478050246835,6,67
111749.229522172,50.6217882956844,2.13208080711775,24.8962989673018,5,35
116902.66049395,51.3832776504569,2.906679200707,25.2391264196485,4,50
156472.998241034,67.2548136895057,1.22157797566615,19.3449382190593,4,36
277908.956504145,114.875027239323,3.49887826596387,18.7277125520632,7,60
165967.257973832,74.4965627545025,3.55080148228444,28.4813336515799,4,34
290209.044151072,116.567789971596,0.631383440457284,6.26276465877891,2,65
248327.375084525,103.043168991571,4.8545272644842,27.5338983093388,7,31
226443.046035432,81.612674058415,2.90923930739518,13.419135873206,3,66
106783.22480149,50.2911706035957,2.9934383725049,24.390865850728,6,43
180422.546230359,77.6649623864796,2.44684004457667,7.2195150507614,1,56
243910.015686399,108.248071999988,4.32418566290289,24.7983471187763,5,54
231128.175025593,94.2630560765974,2.0701092426898,17.0660761864856,3,56
237216.895968337,89.2383727873676,1.46269085304812,10.1986264111474,1,58
234999.933961432,101.500722037163,4.18359592661727,32.9981294400059,7,49
138733.09042116,61.8711289297789,4.16692814440466,17.720703127794,6,52
261994.160163623,106.924126418307,1.30272882862482,19.1938990154304,6,69
219527.519483222,91.3117073988542,2.33742943429388,7.60487210098654,2,38
204812.817337093,84.3368642020505,3.56780737265944,9.44401792064309,6,45
280436.236206548,114.088993908372,2.1497624674812,18.7973414883018,1,41
149043.279153469,76.4577161567286,3.2291025078157,7.61810713121668,7,57
187905.151169416,78.1298937031534,3.45418784732465,9.92947155097499,5,57
172306.652122703,73.5712458367925,4.39453332812991,10.0056922468357,3,57
239660.323685371,94.8215492872987,0.923822549870238,5.78244857443497,7,40
236435.789419443,101.10210399027,4.09810822457075,4.85217934148386,4,52
158451.315786762,80.1918930653483,4.53561362053733,23.4928562692367,5,33
233786.245201998,94.556228594156,0.811175932991318,3.39262241031975,4,66
272350.199712906,111.309731832007,1.93755505781155,14.5906049297191,2,44
254021.052035316,95.065033743158,0.658235635259189,1.91765293618664,1,36
169160.068683458,74.4618099520449,1.83412300341297,2.24625511560589,2,46
155036.24493612,64.2725838103797,4.8326348188566,10.7924331668764,4,48
247532.971765438,104.307567210635,2.11545104940888,6.62507437821478,4,31
179846.137626132,82.0326223026495,4.83343055064324,10.3165784627199,7,38
269288.094190826,109.966105611529,0.612857133615762,6.45040647499263,6,58
146009.44299081,59.4628135487437,1.49550127028488,6.59127301489934,5,54
210623.614832461,86.7504348093644,1.91941171069629,3.09848248958588,3,38
177240.184364243,77.7147880161647,0.505092628533021,34.9845622833818,6,39
191646.480801817,88.1791781913489,1.54841540253256,28.2754336567596,2,41
235388.201910901,99.4641965359915,4.48603592056315,25.2116468562745,7,32
218009.668829969,80.7653160695918,4.79726334463339,27.5067399949767,3,49
234365.758396481,87.4072671798058,4.56680745258927,28.5255791582167,2,50
153199.03430156,61.5222413605079,4.37258998444304,4.07021166197956,5,56
247253.170286981,103.708187477896,3.11816523340531,31.4731722390279,3,46
114151.111341832,49.9715295550413,1.69402444979642,21.208547284361,5,43
178904.610905469,76.5432003408205,4.37562086072285,1.74929198995233,5,63
154534.200296885,65.7547789206728,2.5478638461791,6.14732181839645,7,60
214601.737577003,95.6138622527942,1.4341283707181,22.8100357274525,5,30
217799.393675565,76.7716363118961,4.46116398600861,12.5893460735679,5,53
279063.314726107,115.162025996251,3.254163173493,5.50944804353639,2,50
222225.615480478,99.0095693897456,3.43814372585621,21.7507737870328,1,66
229550.602284805,99.1136472544167,0.829205404617824,5.73934614937752,1,53
175730.092942242,81.0889174451586,3.07636868674308,20.2000134768896,2,63
278532.316612376,117.357471595751,2.06249457178637,25.9063215665519,3,41
279485.239406789,115.009569131071,1.91972050524782,11.7639890210703,3,39
243220.573438802,92.8041022724938,1.19446267711464,20.2176636327058,2,41
141571.259573592,64.5486896380316,4.93333813210484,32.2772988094948,6,48
177857.581688951,82.9285485832952,2.66136442497373,3.18678641039878,5,46
223365.202977946,90.9151424467564,4.5990860464517,17.4009393374436,4,69
242810.070990115,110.040749550099,3.19667989818845,25.2290877699852,2,44
287232.618740148,118.408250691136,3.73550105944742,8.60582620976493,3,58
194682.225146049,85.2773239882663,0.552660338697024,5.03993990132585,1,53
262982.985434231,108.918005285086,3.90473741246387,22.5951834288426,1,65
187254.153703,72.0418429223355,4.76457317522727,15.0991149945185,3,40
112991.073265406,54.1815981839318,2.23599081125576,28.5146413659677,6,53
285776.891554687,118.204206005903,2.70428123394959,10.2045898665674,4,49
102287.003902385,46.5116014983505,3.57850084651727,18.8314577913843,2,42
204138.770880856,88.4722333273385,3.57856971432921,5.97477716999128,6,45
200632.593147389,87.6384636957664,3.31187607522588,17.1751753939316,5,59
189879.571302973,70.661854801001,0.822196637396701,2.94351085321978,2,36
219804.709853896,97.0952164311893,1.25861746747978,26.0395427425392,3,65
284538.033607147,118.028355004499,3.43375628255308,18.5612363126129,4,60
135702.483831559,55.2765316085424,2.90916826028842,2.61430259840563,3,64
244184.155406574,107.522200617241,3.71993765060324,17.4401638251729,2,36
134841.501674321,58.4598837525118,1.84714786382392,29.569922267925,6,37
261494.312135249,108.441215845523,4.58409338234924,1.77634327672422,5,59
271832.121336534,112.240452650003,1.480578390765,34.5146654141136,5,68
112641.501499554,49.4501970056444,3.95986104477197,22.7352865817957,2,38
121915.068145836,59.2687735380605,2.42158473015297,4.7763113300316,4,67
147634.476780097,63.0485540593509,3.60848029481713,6.79263798473403,7,65
253724.299430832,100.310508969706,2.73286924336571,5.85053811827675,7,31
269723.889542515,112.054158984683,1.19108968507499,18.4403884205967,3,54
269604.762189541,111.972551395884,4.5028011968825,10.5650648227893,2,63
268494.886320687,114.483217428206,2.40834086004179,27.6585449841805,3,36
93767.2229516311,45.6290442484897,3.21210607432295,33.3042448298074,2,38
124862.618845913,59.5115824125241,3.98865484981798,5.93596140574664,7,68
245622.767619527,100.805052362848,2.39489188161679,24.446403528098,7,46
209216.135787406,95.3522770595737,1.64157789363526,21.157134341076,5,35
148826.891146845,61.3426593469921,2.99640843912493,28.3638573978096,4,63
241745.508329091,102.149415457388,1.46387381304521,32.9600328742526,7,33
200198.688187201,83.0878846510313,3.55830706376582,5.00598006276414,3,55
175102.688723901,79.1020419029519,3.74400559614878,23.9017699337564,1,35
264460.747792722,108.442911766469,2.94645318784751,22.2713904771954,7,42
123986.743467179,53.8577364280354,2.49703901750036,15.870633804705,1,43
228712.586056254,99.1264558502007,4.4133228675928,28.4572601700202,2,57
259949.12545395,108.724754500436,0.89400209474843,18.8870794917457,6,66
186714.93425839,84.5957578788511,4.75404761079699,18.1409489004873,4,60
220219.740941368,103.72698634048,2.91817354341038,33.2649226002395,3,68
195165.186882823,82.7101513731759,4.4290726428153,10.7653300762177,1,68
273793.964236926,113.31159137073,3.054482039297,15.184742948506,6,58
266732.534031382,115.02970581525,3.29104796994943,26.3422452504747,3,38
257481.046849892,106.760978243547,3.44058715016581,2.93310863431543,3,58
289195.31197582,118.546691215597,3.98328708845656,6.15316721890122,2,48
194081.042049792,72.004870242672,3.06072792760096,11.8836496192962,5,67
126663.854423244,61.7929305578582,2.14938593562692,18.4858899419196,6,49
244877.633013796,105.138328751782,2.35787644900847,5.85486126504838,1,63
203598.269313434,75.4442041378934,4.84019124496263,23.5955592957325,6,43
224175.601737386,90.3735277871601,0.862156887189485,30.913918747101,3,59
219865.143502735,89.8432701872662,4.4208567191381,3.99999849125743,2,66
262986.586259222,113.711092398735,4.91894129978027,33.3784224069677,1,62
222159.281176279,100.511508736527,2.42084901698399,27.9058289304376,6,44
147691.343257315,63.2138404052239,2.53908775572199,21.5318495556712,6,58
185117.542914849,75.8666910335887,2.43973795324564,4.98637261614203,2,59
234725.165290048,93.2929548947141,1.37293077027425,25.2892211978324,2,31
237241.366537256,103.184904546943,2.96532009227667,29.4161110417917,6,67
140922.397536977,65.0698489614297,4.05857647024095,27.3713504653424,6,38
128995.110839697,51.3039501139428,2.16824204730801,5.13883601501584,6,56
203798.09837407,75.8077439200133,3.69592718919739,1.99405558686703,4,43
134983.40732142,60.7400538388174,4.78136114240624,29.4299044124782,7,65
113597.70709769,48.4860786341596,2.29755969962571,19.1758651197888,3,62
267704.695045541,113.445806455566,2.97365744458511,29.9926742198877,5,69
263303.4403021,108.39795163949,0.818197915330529,15.3695657039061,2,64
222791.986120416,87.4090966349468,3.34392418037169,4.63050526101142,7,51
153323.198410248,65.9050156292506,4.48004012519959,28.0462444582954,2,38
216745.278300346,91.16025761934,4.37203397403937,23.7477775681764,4,59
104759.324016581,47.3739856726024,1.05311209138017,6.47225398849696,4,56
239948.342581449,108.894355972297,4.29037150018848,31.775831666775,6,48
212069.480975977,96.2822372547816,4.19454943854362,21.6879593497142,3,41
223684.14286624,92.7930918917991,3.37687432707753,4.06204806128517,6,56
195863.335001368,74.9658330855891,1.43474526621867,7.38461817847565,6,31
233172.838369287,101.982321973192,1.44013288849965,21.7273642327636,1,34
131431.096594409,55.0825319881551,3.82914801512379,5.06869234889746,2,54
125017.58432818,51.3162231585011,2.54000179388095,7.02564627910033,1,58
164701.891994079,66.8534155050293,4.9787468368886,13.7930929968134,3,66
235662.707028425,101.559571449179,0.895836711046286,15.9490072433837,5,53
126716.783138813,54.7089386195876,1.63337003649212,14.8236211324111,4,62
216491.41101836,83.350516743958,1.5093953005271,13.1511194556952,3,30
138391.577075362,57.9686805652454,3.27551809605211,11.6766474065371,7,57
272196.462516869,113.056593515212,1.06950575707015,16.4277832624502,4,32
130590.634345844,55.49170162878,2.08509353536647,1.75765302171931,1,63
275549.496841322,109.413437107578,0.652023239992559,4.74257868761197,4,30
102049.916793034,46.995357364649,4.66953083069529,21.7169790416956,6,69
211855.339082486,95.3013023757376,2.00823971116915,5.32806022465229,7,36
190048.039268215,73.4645201463718,0.560493630589917,14.9738157759421,6,42
142351.014939394,63.3583702950273,4.280415720772,5.51665077870712,4,66
96024.6434887101,45.8347381255589,0.953383522224613,33.7512359423563,2,35
234201.48216039,104.025576413842,1.04340588627383,24.9081998416223,7,65
285524.826643474,119.34267992503,1.44434545596596,23.2845528242178,7,53
108394.635440903,47.9105184890795,2.62024617439602,17.9317860999145,7,56
197915.453292823,84.5255644514691,3.12502013193443,22.288122151047,1,59
252963.046949875,111.147046093829,4.57870222185738,29.5584418489598,2,62
206034.756533347,78.9164652745239,2.28034342767205,19.0579634630121,3,51
177955.127746336,68.0223774444312,0.842932297615334,1.79047529632226,4,60
248112.253780728,102.355424808338,1.79963675665203,19.0160323646851,3,65
281973.371949464,118.529887280893,3.63974257034715,23.0049472106621,4,38
210015.117125233,84.0736944798846,4.62684018537402,19.5816716118716,3,68
266845.232059521,109.795276540099,1.97153454937506,27.9893192774616,7,57
187648.260273829,80.4667622654233,0.924663456971757,34.2123268712312,5,56
179982.669033022,92.7230280695949,3.17214547668118,20.1447076741606,5,47
279129.544740454,118.429902823409,4.88490692037158,23.4686619383283,7,60
179867.174114777,82.2877590009011,0.803102973150089,24.5730064092204,2,66
213143.693976444,96.6413665318396,4.93188991420902,23.7728467150591,5,46
150714.41941188,71.7163681215607,2.97959802206606,33.5310856038705,4,61
215671.42606925,93.432478622999,1.0206790525699,29.5747407102026,3,65
274523.197446431,113.542883754708,3.23810805077665,17.6180087933317,6,31
210758.876276219,93.8716499763541,1.73275908199139,19.0185376415029,6,55
131012.02191816,51.0009803739376,2.52158228401095,1.96728742448613,7,42
148706.966411111,62.2699327406008,1.83320013596676,28.8053302881308,3,33
106326.470045427,47.6837740035262,3.68406828923617,16.0820621387102,4,32
243369.696471434,104.188488393556,3.97708995454013,8.3592722043395,2,66
241904.866457933,97.5509353727102,4.44393109378871,12.672316940967,7,49
265643.284301339,113.437137018191,3.64941822760738,31.1769821541384,6,49
258662.844080281,114.316479493864,2.24496141530108,31.165077844169,1,39
207382.154869731,85.9711589338258,0.502684808452614,10.2513963012025,6,31
266930.116871042,118.776295903372,4.04308244679123,29.8679755749181,1,30
171780.919856941,88.6953187803738,3.62764650653116,32.3461325671524,7,47
111003.179522132,47.6737450214569,2.1766515080817,3.15689057251438,4,33
216134.861088769,90.4294962692074,0.673586133285426,34.3616460259072,6,32
133846.249334252,61.4953010156751,3.51782278576866,16.4995575556532,6,34
110820.801165342,53.2524470693897,4.58720423979685,18.2425579023547,2,65
196526.057381193,82.4617020366713,1.79464997164905,30.2054038573988,2,54
270308.576877357,114.347193650901,4.94227716256864,14.8381998338737,3,60
167521.950500616,73.7796137505211,0.680138965835795,14.2340946174227,1,50
129899.328680691,62.5615297572222,1.56844121927861,19.1376168550923,7,38
208494.327576211,89.4198178185616,1.07196616311558,18.7216222546995,6,50
206902.039849327,86.2332549516577,0.630373122519813,16.3447007127106,5,59
213281.622365295,92.2543370502535,2.73492751712911,9.81626481143758,7,44
130497.704077989,53.7685490841977,2.02412975439802,12.6439102431759,6,42
123259.684646992,59.220958534861,4.21782262879424,8.10929307853803,2,57
250509.431171955,101.905409717001,1.44828962231986,8.19548544473946,3,46
184068.147707596,88.2296109502204,3.83439219684806,24.0848239632323,3,37
222845.144123916,96.1710804363247,4.5937312686583,5.03042586101219,4,41
122826.346464445,52.3195451579522,2.981524043018,7.2769731846638,5,46
147506.509147793,66.7007523751818,2.77418345969636,19.3840278852731,3,45
105419.113003276,46.6857852169778,3.91151386266574,21.723509775009,4,39
186910.321548089,87.0669862884097,3.83231863135006,14.8868606719188,6,32
266827.627947401,108.0512633943,2.92632532143034,2.70551083795726,2,38
165992.633278843,81.0912639764138,3.18152427626774,11.4792768219486,4,63
216660.482595938,77.1719905303326,0.808920685551129,3.64992744801566,5,59
127573.538128762,51.7008203419391,3.48209656320978,3.64608530793339,2,54
127311.996999476,61.4018911658786,2.15588179638144,6.23003119649366,1,52
163443.647585473,64.830350484699,0.977396410191432,24.1604028656147,1,63
182108.773980766,89.6132089651655,0.884300693520345,22.6997419432737,3,42
243327.433112457,95.0690612476319,0.645312115200795,3.64229444926605,3,59
147001.312405165,57.4463019892573,3.56931995728519,12.746219468303,4,56
195798.479359992,84.0294462908059,2.73193026904482,27.5663530090824,5,55
166439.19388389,66.8403613194823,3.50859400234185,27.0999920242466,5,54
125557.753607884,55.6650405214168,4.72201817948371,15.2225051480345,5,43
165868.367799832,70.595134816831,1.51241661200766,23.9590780627914,1,50
261735.214559696,112.958396149334,0.847612924175337,26.6330956798047,7,50
146366.261406289,59.4111142144538,2.31756591005251,18.823467746377,5,68
126627.544502285,54.9724249157589,1.94652976689395,17.5272991424426,6,32
111332.210760125,53.5916598618496,4.07266295212321,29.9851767946966,2,57
127573.813279663,60.7888699905016,1.67557403584942,7.82179910410196,1,32
95435.7637573626,45.9383587224875,1.86245452868752,32.7374654063024,1,35
280679.065998876,118.811540636234,3.46243821433745,23.6948206252418,3,50
126803.726999793,52.224255631445,4.94192294229288,6.21841356530786,5,55
160884.573865695,74.0247029217426,1.67332325701136,21.2652300777845,2,66
215236.470431904,79.177124791313,3.27259409532417,15.4105061162263,4,37
214495.054113577,85.0615846621804,3.43214012694079,16.1587502649054,3,41
235478.397088424,88.0929195194039,0.503269726992585,1.72833964508027,6,33
282361.956699356,119.668532313081,3.96666471729986,27.4801206262782,5,43
131525.664733289,65.5265108321328,4.35247631277889,28.4156124731526,2,45
100179.065833833,46.0342902329285,3.70407606603112,23.3906640857458,5,66
207662.593066866,81.7230667790864,0.816382643417455,6.57043897826225,2,50
243233.862381014,104.331279230537,2.5673675625585,18.8225421556272,6,50
121589.923570938,58.1967674824409,1.09711902029812,24.8714057113975,3,41
103309.984652755,46.743927039206,2.44461522134952,19.9698086087592,7,48
188959.178678991,88.9732975268271,4.88489489967469,18.6941638593562,6,58
105519.408947533,47.3659746686462,4.30398123932537,19.4355475949124,5,59
146885.46871557,79.2069527017884,4.061982019688,20.9111153469421,4,34
214081.774750982,82.7773856045678,4.23715671326499,25.4746276019141,5,53
235624.728351119,98.4115999296773,2.10629065288231,27.8388075805269,5,34
247628.390222083,105.016445646761,2.23866301751696,17.9914968558587,6,50
182538.731687819,78.6595013563056,1.06755276839249,17.2534268749878,5,45
109058.040239216,50.1399893069174,3.35307799186558,33.0167326875962,7,44
129929.69174387,61.7813028674573,4.5774325102102,18.5306004565209,4,48
236498.209227411,97.2156097227708,2.53623417241033,19.0291264778934,2,66
133874.190549928,55.7202555576805,1.95288455288392,4.88940288824961,4,44
262194.292871132,113.880680861184,2.7107764063403,31.7183091500774,7,54
263348.438686038,100.483014771016,1.01535097847227,10.0572200072929,6,30
234619.67233377,96.899298367789,3.61588794318959,17.8135386300273,3,65
189188.227578745,80.3917891276069,3.70148140704259,27.4903900027275,6,65
102484.497333175,46.564629067434,2.36184020282235,27.2593342890032,2,55
243987.983824959,105.755816503661,0.716704314341769,19.1553749409504,6,35
138214.056184388,65.9505891543813,3.50212755578104,29.1886011236347,7,50
212990.275448867,84.3557698465884,4.93370179249905,9.15530626988038,7,35
186242.045955628,81.1537755641621,4.1648769355379,33.7055045333691,4,60
168292.146130738,75.4121019376907,3.77664334722795,7.30448742117733,5,44
177347.876739078,78.6754406103864,2.73147055623122,11.9095734194852,4,30
213335.473300911,85.2562657836825,3.14656920242123,6.90310343261808,6,56
227218.742132767,98.7675159517676,1.20368104393128,8.8973615760915,4,61
115880.112985014,50.3261036169715,2.88413173239678,1.79163039475679,4,38
116094.989739189,53.0700327060185,1.57956348825246,16.6563486056402,1,62
96005.1177918246,46.4995401317719,3.87119409104344,33.197037612088,1,58
130792.545805023,52.8522143187001,1.42710691329557,8.90627318248153,7,58
189031.977177286,75.4051714658272,4.05846499092877,25.782053343486,2,57
153913.297134368,69.8141047311947,3.70599410007708,34.6128734005615,5,35
128911.37495199,53.6348806740716,2.69241055112798,7.45217849779874,3,34
224999.147832786,103.324485010235,4.72186634130776,20.3482318068855,3,59
210169.949218621,81.2796279368922,2.65395539463498,17.7795074819587,2,49
270121.623784679,110.105988137657,1.68449163273908,20.5275678467005,4,33
230850.040936699,98.800793242408,2.58824780222494,20.0245460015722,4,68
135589.525055687,60.959265071433,4.51023778691888,24.5349292857572,4,67
158023.624921894,66.2461125513073,4.59705111104995,14.9332332727499,1,35
115174.197423686,55.3308766731061,4.37398844526615,30.0094374557957,5,53
129749.883068652,63.5158784792293,3.14281622413546,23.4884340823628,7,46
212484.597755962,89.0619678294752,3.23605398787186,15.9793804939836,2,47
233440.408772712,98.6907903151587,3.16123219369911,30.5853471877053,3,52
109614.595882314,49.5651264837943,0.907248109579086,22.213058849331,1,46
273411.606000734,112.192929476732,0.615150153054856,16.4839655989781,3,41
124589.516256395,57.9972214170266,4.56340047193225,25.3860467155464,3,45
211200.372905837,95.2184680080973,4.21233742125332,26.3454977255315,2,58
241234.447438125,102.51709396136,2.59731964918319,25.2622575121932,3,39
108226.529273291,46.5694188012276,1.63566664757673,12.0659533315338,2,57
108854.592110299,48.1028534285724,1.28961369092576,13.2531632729806,7,30
235626.737445899,91.8275704944972,1.16546102392022,28.7520852098241,4,42
253222.498615548,111.509445937118,1.55052012775559,27.8458556164987,3,69
232070.635827228,90.8241797809023,4.04041511355899,9.23800371820107,3,30
224009.294129174,80.0822632375639,3.27737288863864,11.6855334434658,2,38
207209.209745701,88.0418548872694,3.01513206015807,16.8633274021558,7,65
247893.803752866,104.52700007474,4.23547991458327,26.3853037166409,7,32
163708.64372848,80.0073975452688,4.62533439847175,25.8284443891607,2,36
113435.802373331,49.343759722542,2.99250509578269,26.4850047063082,3,36
163069.534468171,70.192030495964,1.80490447685588,28.4745338372886,6,31
218929.172550945,97.4974902975373,3.15360822936054,10.5404016207904,7,41
207811.656964415,93.9484513294883,2.93586200359277,14.3199648796581,4,34
273022.194602822,116.119258267572,1.27105812390801,31.0450883815065,3,69
253419.083977724,101.317989528179,2.18206862837542,31.7841162355617,1,54
278680.020398607,116.949229465099,4.42621594353113,16.0904334774241,7,66
226537.191394288,102.179413904669,3.87002399621997,30.2787873246707,6,67
105966.069429237,47.3220935545396,0.648044204921462,24.1222865330055,4,63
101254.491906589,46.1831001669634,3.69689835421741,20.9187454879284,7,40
95882.1385530274,45.7053244044073,2.6136504788883,27.4173497678712,2,58
154506.671717793,66.8999185657594,4.44365144520998,19.2912519685924,4,66
285550.203620537,116.901114407228,3.51848643866833,6.32697575073689,1,43
178098.446675355,73.4335184900556,4.53486578084994,3.48047650652006,6,66
229120.991303418,98.9607159735169,4.6815388132818,23.119928478729,7,67
168076.168153415,80.7758703175932,2.38996606762521,19.8668751087971,1,63
114736.737249116,49.3942010204773,2.57759612053633,14.6977366581559,7,55
207216.198129846,83.9207389787771,4.98276852222625,30.8551920512691,6,58
141188.142980707,80.4315889358986,2.1799648324959,25.4195887269452,4,33
114211.613169243,48.717746475013,3.16863427544013,18.8296241364442,5,52
157199.175964619,71.6053398430813,1.64832491707057,24.6626224708743,2,68
162126.566480921,80.6049985508434,1.80272488552146,18.444686583709,2,67
115501.05821537,51.4752929960378,3.54002441151533,9.51165886688977,3,61
141618.482260419,61.661481623305,0.828646625042893,24.6178407655098,7,67
216555.866497276,101.119873886928,4.92038789053913,26.6281101731583,6,69
105237.997872739,49.7047842352185,4.37368453107774,30.2552420385182,1,49
223648.137845353,88.880376778543,1.80645515408833,11.660077390261,1,58
218829.044682914,84.8311976285186,2.14048732898664,28.1876400248148,1,31
100788.517288523,45.8792649954557,3.24230772582814,18.5147824436426,6,31
110938.235636356,52.6109103974886,1.07169523276389,30.6200439888053,7,53
288910.489870275,118.535833717324,2.51443425251637,12.4345044139773,3,65
278265.156142915,115.834408386145,2.10949682828505,10.9153680810705,4,48
226955.146736347,98.6214817897417,4.80035319074523,34.3990523191169,6,50
158495.341205354,71.2245270540006,3.48711657093372,29.6297508412972,2,30
265913.906365887,104.385664685396,1.43567082739901,23.7635212792084,2,66
208082.872293534,83.5380444349721,2.06877006602008,10.8173223696649,2,46
192639.799104489,87.624204402091,3.96164365869481,7.49515310721472,4,41
137557.383706667,61.9155220210087,2.23458006151486,3.53870252380148,5,46
147936.594648139,80.2469960460439,2.34671683760826,31.2652029227465,5,51
204770.287048787,87.7320798800793,0.935271074995399,32.6945181791671,6,52
191617.047195489,73.4681059070863,4.51346530264709,9.59005001420155,2,48
158575.891090413,66.2129676423501,1.81909538677428,20.1692700469866,4,47
238639.636738059,99.1403462702874,3.88193419238087,2.52911390876397,6,59
202773.31136914,96.2065539776813,3.99515223922208,33.5908688884228,4,69
237370.961273584,100.767019826453,4.68951602035668,1.92679408192635,7,46
115524.613937754,48.9076934626792,1.55446469015442,11.5384288495407,2,44
138622.17426124,64.0774783899542,0.754789739847183,31.7295199022628,5,65
238612.168285415,102.120775384828,1.20596928149462,33.4770571342669,7,40
260622.979648852,109.77497399901,3.01580556912813,20.8173270537518,2,40
187786.510025225,85.5269869719632,4.57091435987968,8.31208004290238,7,60
146321.698737502,64.8787358414847,4.66920347756241,31.7555111963302,3,63
252393.277476548,110.063441876555,4.87238230241928,30.2650663955137,1,69
239809.300808243,97.0985633251257,2.79340224480256,26.9691686225124,2,47
175878.500854708,77.9748971387744,4.05492597958073,26.8552047419362,7,31
250956.737162476,109.24881729763,3.78612324304413,23.8829197706655,5,60
95788.6028463809,45.164838769706,0.52704404189717,32.685086008627,6,33
246045.373218794,109.392220991431,0.858422774472274,34.2002401631325,1,53
194236.103814148,72.0004381716717,2.75426358601544,2.1358715929091,7,52
168330.044426879,73.4736302448437,3.33250454242807,7.84179067052901,4,41
229054.650132541,93.0816082796082,3.82142680394463,20.1576432487927,1,35
170110.93730892,71.3618060387671,3.8260287726298,6.80256979679689,6,59
246371.07080811,101.434265663847,1.75925239303615,2.82115056319162,6,43
171033.56893827,67.4698563746642,2.73612011736259,2.62714735791087,7,65
207183.537767081,86.3094785122667,3.19860097800847,12.083093364723,5,51
122053.1119245,51.6306462627836,2.13672057085205,21.0068497848697,6,63
231373.505905384,98.173517488176,2.40163602482062,31.136512813624,5,33
231975.554276143,92.2696246462874,3.2434108115267,1.95664810622111,3,31
170254.341056328,66.5366489079315,0.725416471832432,6.27732546953484,1,64
136715.951366327,57.4012238695286,0.835098093142733,20.1502895113081,2,53
248990.372680893,108.15872494597,3.86584274249617,33.5357884769328,3,61
279292.057684498,118.804455099162,4.0318800698733,21.8306658696383,1,58
282546.368187591,114.483075774042,1.90510839945637,6.63714791368693,5,59
116028.08388567,51.8640130979475,4.14682333241217,8.05488425726071,1,54
225570.369680232,90.3166575694922,4.52431956341024,19.2352589173242,2,60
210456.913093476,96.2547228718176,3.80154363042675,23.8493258366361,2,66
118279.590548152,55.5111958051566,1.20361113885883,32.7965230643749,7,32
281852.844040667,119.542756233132,3.85896885476541,24.9076468842104,6,30
130196.464719333,64.8536646261346,3.98684308782686,22.0874245124869,2,61
217441.96223769,78.4300604125019,1.4648210068699,25.431497042533,1,32
115895.984740861,49.5139710477088,2.26041885174345,4.38633157452568,1,54
107793.336681261,51.5459598088637,4.95980411081109,16.8739564293064,7,55
151642.626885029,64.5245193201117,2.4064202537993,23.0164832649752,2,63
211553.155693368,77.768499024678,3.04874494089745,19.2516671493649,4,49
187096.349870057,80.2145014156122,3.88630716747139,25.3641786356457,4,64
180928.448060747,88.2334992801771,3.61430373310577,8.71625117398798,3,62
112272.237275228,49.811067780247,3.50247182045132,20.4389724973589,2,37
205785.957020259,92.8584290365689,1.50804846803658,23.6818579770625,5,55
273117.4076052,112.24982415908,1.12078623124398,20.7029390605167,2,38
275753.997789254,114.023360969732,2.82632635836489,6.83958388771862,7,50
242899.450730874,105.522683034651,1.43765369965695,27.7727074120194,3,32
187710.982790711,87.7050597325433,1.91590685036499,16.5860819448717,7,40
247371.7948658,100.984568281565,0.635746909421869,2.26029487140477,4,37
151028.685627024,73.6262390669435,2.34462142363191,27.9561086320318,1,68
257119.809423908,102.914793299278,3.49454821879044,8.91337451850995,4,63
178261.141415465,65.5469171167351,2.69087033346295,12.7478119865991,2,57
154203.233372251,63.96179097821,1.98394950688817,13.1103073814884,7,48
283867.804903482,118.591476475121,3.91066357097588,13.7893727035262,1,54
268193.610216889,109.88531382638,3.25492118147667,26.3444528765976,6,56
168789.392661697,74.1998344589956,0.743302237824537,24.7917209314182,2,37
124815.301846872,55.5183918785769,1.4787900299998,26.6124497251585,1,68
156950.508956782,73.7865368707571,0.818014836753719,14.1034401878715,3,67
246202.751810538,107.014836771414,1.96747983095702,25.2736043524928,4,35
99777.9669007572,48.9201128936838,4.67038696666714,31.7147395345382,1,45
148536.571626221,61.9068449176848,1.2279635546729,30.0068922494538,6,60
173074.256686323,83.555021159118,1.32842687412631,15.8687169025652,4,65
274389.871336428,112.342492070748,3.63051893864758,19.5739720058627,5,45
144231.550719605,66.3195004267618,3.46489692409523,29.6308492119424,5,46
108300.114449449,45.5441596847959,1.35291403532028,7.59616621397436,2,55
217691.314548218,99.8862057330552,4.83204565069173,15.8561247424223,5,52
233330.340927441,91.1178427271079,4.81596449064091,25.3557692356408,3,46
175927.707721335,65.0170426745899,2.33379390323535,21.252950838767,6,47
233193.819451013,90.7365915470291,0.996241964865476,9.54710929421708,7,51
234903.715243476,103.212710637599,3.75878513045609,7.89056896185502,6,51
170801.002910022,72.4714870029129,3.84838966082316,33.1811369457282,3,45
259359.740924106,111.378514759708,0.831145904259756,16.4860770506784,5,61
272151.547188947,110.305556310341,3.76956859766506,1.85389367165044,4,47
230105.333871885,93.6519932281226,0.584038230008446,10.8262274055742,2,66
244702.839010271,85.8549124491401,1.62882507836912,4.29939576238394,6,37
171419.146187287,67.7386057900731,0.925841292482801,10.8025587368757,4,62
96393.6958215427,45.7939912495203,4.56998340599239,26.729308844544,2,34
227046.817590631,94.1380674415268,2.13248042168561,30.8774415119551,5,43
117763.617049485,54.8627064493485,2.14599953778088,33.1691409973428,4,46
259500.840677316,111.32297092583,4.87768898066133,34.8657469023019,2,54
185705.681221426,73.2307271438185,2.26217521878425,9.36033819336444,7,62
118671.835735651,55.0132281600963,2.22367218800355,29.8299142760225,1,58
205533.415825308,84.3415145168547,4.48414496425539,22.7449318892322,7,37
149248.500889183,66.2955748254899,3.5577181680128,20.71816690173,2,41
115087.739720508,50.8169784082565,3.38868895592168,25.0071709221229,7,50
160494.730538489,63.812915001763,2.45391425769776,9.82619548356161,1,64
200478.34074844,93.0306488752831,2.71960451698396,29.1864725966007,1,39
240501.736299246,90.7366775663104,2.05972191679757,5.59390140930191,2,52
136132.640464264,58.7058927677572,2.49892503686715,20.4950680006295,7,59
158123.855662549,68.585214978084,4.10199724533595,30.3939827191643,1,35
161940.329876909,70.4584769834764,1.36163855192717,13.4342382182367,5,43
138251.436263361,60.6714142241981,0.900548053090461,32.2660259543918,2,45
190601.141306172,86.4127564290538,4.91065005946439,34.5344808441587,7,42
132570.164180061,57.7841747249477,2.64486544171814,23.8394853938371,5,47
277480.657007663,113.899263715139,4.23235243058298,20.2063210909255,3,48
274938.677387566,114.714234519051,1.16748449916486,25.0938919982873,4,62
134806.826028349,66.359804039821,0.875139101524837,22.4749190113507,5,51
234586.016535027,100.421500315424,0.855700155254453,3.62259226106107,4,45
143370.010389091,69.2417305824347,1.22837044368498,27.0837380797602,1,63
111878.597937245,50.7078162732068,4.21631659986451,9.51822933973745,2,45
121838.085333512,52.807712367503,3.21514536917675,23.4302339116111,3,49
203341.508782563,85.0846271775663,0.860021124826744,9.30809958605096,5,60
128770.596967311,57.9840481211431,1.93700679647736,24.1838584765792,1,67
283269.695129099,117.530377126532,4.68455737759359,16.1861525261775,7,36
141311.494712042,58.4340857563075,2.14811560476664,14.5768710654229,5,30
154061.044294222,62.2525566711556,0.668707896023989,18.2978867650963,7,61
231607.334466415,102.829854253214,2.91502833168488,22.0419187797233,6,37
172780.2377811,72.5148480024654,1.69881041697226,32.0959229916334,7,44
274368.267313149,115.22841796861,3.94367470231373,16.8970995228738,7,43
200247.966883709,89.6888504200615,3.06774272245821,22.7265600808896,1,31
248055.569427058,106.87104274286,2.53012032422703,27.5960182468407,7,63
142802.68182245,70.9389097394887,2.25566439214163,17.2336928951554,1,43
262785.992382009,107.828945252113,2.45684377476573,21.5420366427861,7,52
260793.392879458,111.773174627451,1.90521047636867,27.5697546261363,4,35
257449.518895123,113.413174903253,3.44676625041757,22.6354594309814,7,62
155101.661995513,68.6649524769746,4.29913250217214,4.05078178457916,2,40
234058.249035122,104.025578369619,1.94485782971606,8.17554090870544,7,42
212751.385623819,98.2340378849767,3.89178767695557,5.82027963735163,2,53
156850.063919528,70.639745767694,0.548611567239277,12.9550849744119,5,41
264456.845047858,111.026391112246,0.894053951487876,26.6823290837929,4,55
267312.662543039,108.329952646745,4.13550096016843,15.552827225998,3,32
113441.694974706,47.3932458891068,0.630583265214227,7.73139479849488,2,60
212367.965808229,79.9684829358011,1.25006062246393,8.31548136705533,5,67
222714.651805988,85.5465359974187,3.48162051406689,16.9811661248095,5,69
149636.578986856,68.7769531609956,3.8551344096195,25.2758347378112,7,35
261130.019261878,106.076607706491,2.62548946659081,11.6480734781362,4,57
198580.84748716,81.3511949311942,1.55595979536884,30.9376349607483,1,67
125588.114574881,57.3206848860718,4.11489709070884,32.0673597659916,1,32
103076.029723359,45.6165753118694,4.18311381526291,18.1015879604965,2,43
225239.208088064,90.4929169965908,4.82227656873874,19.8013364789076,7,64
229462.915296772,87.4795949365944,1.45147187577095,1.05888899462298,1,30
232628.392492762,90.1883295143489,3.99258405552246,2.04271650407463,1,48
287293.039531081,116.778827538947,3.71803722484037,1.53951866505668,5,55
121514.377334547,51.8353752954863,2.94892921880819,25.0261189932935,4,68
257854.421408136,108.240230240626,2.02564619050827,14.683840115089,2,65
262767.136196874,107.575359572656,3.34056946192868,31.0039253723808,7,47
224148.542555244,82.4999305349775,4.3325114356121,21.9232781655155,5,33
255954.08216312,106.257094528992,4.96158508083317,12.4134363573976,2,30
212292.707880426,86.4684999966994,0.911891473340802,18.0099175232463,5,45
118611.236136058,52.9252727155108,1.12885645125061,16.8245944338851,2,43
257034.029953764,109.208435593173,2.30594701122027,17.8956397240981,6,62
145218.241772976,58.7738500081468,2.51218366750982,1.60276844026521,2,38
264624.450932182,111.875053237891,3.41233712318353,22.1438873610459,7,35
167984.972214823,83.3221241121646,2.8588856527349,11.0904365698807,4,42
155766.491232747,63.1114637176506,3.90773925487883,25.2641551224515,1,68
151865.80425687,71.1713873420376,4.38606953376438,28.6552051254548,4,65
263164.209512123,110.228415298043,3.4881864663912,25.3759260773659,5,57
268120.832351034,111.790036152815,3.06950348161627,31.8430749010295,1,69
171505.937572268,73.5474804521073,1.95265587884933,26.6041766586713,6,45
153853.184511511,77.8477059141733,4.81219536880963,19.3276581712998,1,39
135261.650711391,61.7711464629974,1.04408655234147,5.84307568287477,6,44
101252.569478471,46.4086918788962,3.97728897863999,22.8304889849387,7,60
284555.10283398,118.190865281504,1.23145929863676,22.0234598135576,2,37
193435.58163637,86.0824096994475,4.32597011246253,11.0284385583363,6,55
141939.951469737,63.0716947477777,0.826869991607964,23.1279241996817,4,67
199634.195929231,87.6639401412103,0.802981663960963,23.7609698269516,7,50
175766.91128378,83.582152192248,0.803999663912691,5.31176712643355,1,44
153746.92576463,66.9596702198032,1.21875448757783,24.0838661692105,5,49
162115.928762695,79.56944967038,1.96339979080949,14.1697311378084,5,39
197645.382117129,88.7353122455534,4.61766378255561,20.2586919548921,2,69
147215.868885223,65.8916087052785,2.74353903834708,14.9061077157967,7,60
281672.526080682,115.673862966942,1.63365881191567,7.33134448295459,3,51
103515.491449929,46.2287728604861,2.09654552745633,23.5748336403631,6,67
251199.891087526,106.29864846007,4.51599373412319,7.62200470082462,2,35
226174.813419071,96.5808063209988,2.01750557299238,18.8648183387704,1,44
205815.930333433,80.3014780499507,2.21943243278656,5.64496988523751,7,65
134616.807295771,55.646250739228,3.60661555395927,9.91509231505916,5,53
161808.563207976,78.3610835135914,3.9932050696807,17.4850607910194,7,40
119854.81216694,50.821275775088,1.58779875736218,15.2869046623819,6,63
267721.469241983,113.191313801799,1.48533231916372,15.4821388195269,4,35
159616.330862317,72.2705503797624,3.81819904409349,10.9183234912343,2,61
185632.559241246,79.9631127901375,2.35498657310382,20.7444298970513,4,37
266707.945473884,111.262132854899,0.975136584136635,19.9185659517534,3,46
175146.057556981,75.6850832712371,4.57842647191137,26.2586813298985,1,37
171771.39348121,81.0730855318252,4.55691849789582,21.8170049060136,7,33
108959.201143437,53.0366688722279,4.68255149072502,31.0082939346321,1,35
230902.043121737,93.137473926181,3.04595111531671,4.93943092459813,7,50
200273.665305136,82.2564218589105,1.3870898981113,20.4331798981875,1,51
255149.422646845,109.206287154229,3.44825638830662,27.7064988384955,4,64
254821.178670014,102.241304690251,1.21735015627928,5.62318726908416,2,50
195905.811110363,71.7281714652199,1.9092409752775,2.37219262868166,5,49
249018.674866376,98.0593791045249,0.987609057221562,1.66763741942123,6,68
272181.31337311,112.170346673811,1.81231137923896,10.4990803818218,1,43
114485.549416599,47.9643075191416,1.88714085856918,16.7503397366963,4,32
161115.990321689,64.1207483585458,1.86380768218078,30.9536868985742,2,57
220234.680436902,98.8538603985216,3.37237651611213,18.2252942966297,4,44
168426.95779595,59.8038733808789,4.52736191661097,12.0405733296648,2,48
165869.378766492,81.90965269343,1.90758662542794,24.0020381063223,4,40
234947.833803786,102.980375544867,4.95597800775431,19.4784799632616,6,32
190356.419151082,67.609014774207,0.820426894933917,11.2103449068964,4,46
153636.541624896,61.4116982021369,3.10902936547063,12.9993556230329,3,45
122157.302634352,51.0022460063919,1.04907281871419,11.0100107821636,5,42
269357.244820006,114.361155142542,1.42199824703857,22.7936319285072,3,68
144724.713428673,72.1221553499345,4.69014162570238,29.9162709992379,2,45
133994.708776173,54.2425390379503,4.12083205964882,7.08721351251006,4,68
209358.283412706,92.5357302871998,4.0968071006937,29.4630454345606,1,41
281929.185241095,118.539898503805,2.99416602123529,24.5531514929608,3,69
166880.026263731,66.8152220186312,1.98698324977886,7.96708263782784,7,47
153144.772112392,71.2486638792325,4.97023584716953,25.5541635882109,6,51
176782.075068677,84.483351126546,3.44583928212523,8.5969841000624,5,36
230029.215806612,100.895502667408,3.63207580591552,1.55751478439197,1,51
280322.158398699,111.915608831914,4.11559829348698,1.15312130982056,3,38
225390.190735864,96.36504820548,0.624877588474192,22.189568367321,2,38
121797.864200775,49.4060267857276,1.48730772838462,17.3872595252469,3,41
194001.686751113,78.1331799330655,0.959391055395827,6.11128307180479,5,47
193955.387611784,89.509287038818,2.78894100827165,30.2496947399341,5,36
202598.95284282,78.8775620679371,3.11441961233504,17.371245355811,6,62
126649.788023531,57.4331094673835,1.25126432138495,27.090413545724,6,38
212214.089316315,86.4944569172803,1.16323076607659,22.6470830389298,6,40
131041.225139026,63.6645524518099,2.04324872675352,5.97962419781834,3,35
123020.239610174,55.3376401704736,0.708670737920329,29.8631114796735,7,59
204773.028128251,89.2269417224452,1.32593955378979,7.3946675863117,4,52
242187.013797113,102.795304746833,0.724713741452433,15.806950409431,3,40
102872.724571927,47.9975711193401,1.33364462037571,31.6582793695852,7,68
291642.064849999,119.899838335114,3.24118198279757,11.4699155413546,2,56
167295.514974474,80.9120059758425,4.57232427457348,32.194874107372,6,47
119421.858286804,57.3584141372703,2.00141461135354,20.6394587722607,2,58
244290.165629085,95.75874858303,1.37513529148418,5.87097574118525,5,52
192459.885950655,70.7488133967854,3.94362316199113,9.46245507756248,2,51
226810.018264017,91.5663609502371,1.79647965100594,15.154100775253,1,69
208314.472869329,98.891360736452,0.861793373478577,32.6682192045264,7,60
176684.53880566,84.5332601037808,2.69689448270947,27.4307806459256,1,43
258861.292929179,109.687831141055,4.85908734670375,6.0830697203055,5,33
121276.500230729,50.2520090248436,1.45860291086137,8.3084344076924,7,65
160964.177760106,66.8386929365806,1.55067737959325,34.2168960073031,1,44
180811.981627419,70.8103605592623,4.7407947385218,8.30487186135724,4,40
98495.5090461354,46.1669748346321,1.67858093150426,32.1485311212018,4,47
259571.258194782,93.6025665071793,4.94499693822581,20.8713376880623,6,55
112829.028573061,53.3573209005408,3.41901876882184,20.9288541092537,2,51
220916.183907666,84.6980643679854,1.31037046934944,28.8873014133424,1,65
245111.085071728,104.892886807211,1.59925084270071,32.6884635365568,7,31
286089.937846595,116.527946699644,3.3941530106822,3.34935641195625,4,57
139380.359690898,55.4867226385977,0.652865096344613,2.7653683135286,2,59
99494.3321555668,47.9418209334835,2.07760849478655,30.5304340543225,5,66
142122.707472087,55.5736721190624,2.30615917185787,2.49955889675766,1,48
120840.062675446,50.8947481506038,3.25424691499211,6.41624541347846,3,48
203159.835613706,73.681928064907,4.6479761286173,8.46230952581391,1,53
115309.563701466,60.0415182521101,2.1552721344633,32.2660768320784,7,52
239741.995483338,102.055196736474,2.32725634565577,31.8153243726119,6,69
273869.44472956,114.174535875209,2.40222357213497,15.094707547687,5,59
118063.608821776,50.0835926143918,3.02405069640372,2.56807047128677,3,42
244726.10545628,106.992834083503,2.48323309991974,11.6472020582296,1,58
219918.389989978,88.2593516714405,0.746277510654181,22.3950492842123,5,57
194701.877516682,80.0475051091053,4.93349849258084,5.83937729382887,1,68
260995.040007754,107.198843277292,3.9090366991004,23.208709273953,7,44
210986.246736428,80.6433726672549,1.2983283305075,31.5603809636086,5,47
259551.670105989,111.607134084916,3.46574697794858,33.0820021969266,1,56
108352.988036757,51.6217598039657,1.47505554847885,31.9892405495048,1,31
103891.93887287,45.7698796223849,1.2398111076327,19.5550856892951,1,48
115582.580971273,55.9319949522614,1.75410443451256,23.9345363671891,7,64
242097.01049335,96.8146259011701,0.88873863988556,23.3301933468319,4,58
243281.716603681,102.39263848518,3.89706810202915,23.3058474832214,3,48
125044.929918175,67.6436332217418,4.97235753631685,31.4107780195773,1,46
130480.002697689,63.3141104062088,3.00044361304026,11.0083479913883,6,60
217405.069847014,97.1100191865116,4.72899212199263,10.994058216922,1,66
145748.783873477,76.460171128856,2.17196785775013,31.9348817984574,3,40
126603.734295546,58.6734275089111,2.67998196359258,27.6869683298282,6,53
217027.306652433,97.4329919542652,3.53557034989353,20.5834143287502,1,63
236324.971956764,93.9277435408439,1.59452634525951,3.6578453364782,1,47
276432.206418564,114.679739687126,3.60900491394568,10.5503304405138,6,45
173588.234296196,68.6169040028471,2.54124187654816,16.2920916648582,3,62
146916.803896187,55.5429863207974,0.979520151857287,2.80814555520192,1,69
267178.004329488,108.405751629034,1.11524518870283,2.15601936262101,7,43
119825.83014037,51.4378571289126,0.878041349118575,13.8494257815182,1,63
136965.380226052,60.9873802622315,4.92480612685904,10.6989755984396,7,66
130765.939894408,62.4629447807092,4.44568605476525,13.6225083940662,5,35
132774.842536442,59.7491171665024,3.09677335817832,31.9306821133941,5,33
143302.092641731,69.5031391270459,2.098308202927,33.1235934509896,3,46
110005.923975338,52.7371096413117,4.35620473523159,27.9061278239824,7,32
213935.776262151,91.0589549678843,0.830603084876202,28.6830734238029,6,60
213675.454795926,93.3278103580233,3.34400141856167,20.3391547747888,1,45
218255.503797154,96.5086685889401,2.83120986784343,6.20323625346646,7,53
166139.543481565,63.1857931253035,2.32893773028627,12.376194096636,7,51
262227.965097781,104.124323370634,4.67184728384018,2.00137140555307,7,41
205690.827385586,71.9340440863743,2.50891319348011,6.58829077659175,5,43
157065.917134116,63.7627482984681,3.47895521658938,7.52286290656775,4,56
220276.509837883,89.4371293648146,3.97899371001404,17.9522857782431,5,30
210618.274179971,78.3298444747925,2.94565270247404,9.00402523297817,1,54
182264.837306204,79.1718766023405,4.6144079035148,16.0500262714922,4,36
109297.449999644,48.2214401930105,3.76373755384702,20.0680595408194,4,63
217763.956262982,93.0832919070963,2.44661736884154,19.8431373946369,1,31
278785.804702841,117.20346943941,3.80034696811344,19.8086948394775,3,56
197770.124778835,85.2822632167954,2.70455238956492,18.3115398362279,6,34
129893.682858657,54.7655052028131,2.87685961206444,7.49124436778948,6,40
265939.065949849,116.485503361328,4.01467216620222,27.8266757894307,4,37
108508.918855604,49.5381217903923,2.83141046250239,22.9715108810924,3,32
115596.915276132,51.8564811896067,4.26051702082623,17.7650867491029,3,50
108476.904835878,50.7303688838147,3.80693937686738,13.6473661377095,4,44
267924.312638517,114.920906145126,2.97324781888165,33.2646604618058,2,34
277579.796233725,115.440031809267,2.30705235688947,21.0363359255716,6,65
239435.8130031,97.9390309529845,4.40178267483134,30.6115468293428,7,43
113529.745599243,50.0543095800094,1.163202035008,23.2469756510109,1,50
137383.849593963,60.5809874064289,3.94718517223373,13.8077732161619,5,58
124673.999384541,58.830441806931,1.75509043759666,25.214056362398,1,43
282030.299886643,116.343248616904,4.62160025013145,12.9988503768109,6,61
269107.723548349,103.744611789007,3.97131236002315,7.4896643650718,4,59
286889.801162436,119.537501618033,2.72254107065964,24.1087763025425,7,41
142564.730043572,62.4856351339258,4.02654216694646,27.6152256699279,2,30
259029.868190725,94.333784985356,2.39390628191177,15.6611101026647,2,63
115904.854675685,52.7145190152805,3.40815382217988,31.6013786578551,4,55
221194.677780694,83.7196465744637,2.39054478355683,14.8633240382187,5,57
278487.544898515,114.695839908672,1.95521612802986,26.5196563610807,4,40
137538.872858065,60.0088434282225,3.16015597304795,18.972384811379,1,55
261284.433709912,106.477037030272,1.12864998087753,3.9697448075749,3,69
197734.801861422,72.1715354989283,0.994341294979677,11.2943682149053,4,38
139850.158451294,63.3649216778576,4.11284630617592,34.696985386312,1,39
176437.615860897,70.1921514223795,1.66698826907668,18.9039506576955,2,68
197536.75988025,75.7780465052929,2.84868131950498,2.40186475357041,2,49
253769.183559439,107.797542469343,1.06974220531993,17.4830230949447,3,50
224554.588105884,90.6413121486548,1.29768933192827,14.4285898804665,3,63
115817.101647135,49.5937979186419,2.2187431207858,2.27541238395497,4,61
107313.285520846,50.4259731376078,2.4319935797248,17.9402165808715,5,52
291540.394690827,117.347151307622,1.2570936070988,1.2955728713423,1,34
271374.963208594,114.1328882589,2.61516326363198,32.9652901850641,4,37
161011.497283432,71.0134078853298,4.35716343531385,33.8961518933065,5,64
269818.365960295,116.509933291236,4.8471755014034,29.6597569207661,2,60
222358.154929186,103.077168086311,3.49240071023814,23.3493249560706,2,65
112713.286096689,53.2206642895471,2.85503251804039,23.954218883533,2,57
209695.41101908,86.4853342110291,2.86187325953506,27.8568966682069,5,37
119523.275825174,50.6415824219584,0.575270761386491,3.12831827485934,1,37
272317.104302054,114.661728147184,3.15242829627823,24.9483282137662,7,69
211804.359050269,76.0967781872023,3.03434557304718,13.4270850941539,3,41
272082.078304746,109.238714065868,4.4665269969264,8.95239320769906,1,41
168292.076688066,75.2311086561531,4.03782520187087,26.3025014651939,4,52
195408.604088108,73.3742314029951,0.782240366912447,13.1003666953184,4,36
124320.24220824,53.2346227951348,2.58883027010597,15.7788839596324,2,50
242391.010331562,97.4336458998732,4.09637535933871,9.89379659527913,4,36
115625.749495022,54.0360083675478,3.41391722927801,30.4103440949693,6,32
134505.66844019,67.5538943312131,3.71305134717841,22.0699268947355,6,39
241402.019102971,98.8913675991353,4.83550986822229,5.2128771240823,5,60
145955.469167199,66.4069683453999,1.89770651573781,33.3536566817202,6,52
141010.861658615,78.2367167982738,1.10620776517317,33.8314396478236,4,51
230954.406835194,99.6252873376943,2.17814777838066,14.3658383297734,7,57
122180.724429029,54.4376798369922,1.19607466063462,26.1594827682711,7,68
251114.428554071,99.5617200317793,1.09474834986031,19.830035539344,6,65
277939.937756829,114.275298662251,0.649269999586977,11.8050875999033,3,32
223259.774411602,99.3660432973411,4.17996224167291,2.26204124977812,2,62
154473.386774052,66.6052548203152,1.65097043954302,25.510082596913,7,31
286144.51950077,117.79652642319,1.7554846877465,14.2642669221386,6,32
113607.080456803,47.754658885533,4.3199472844135,6.06331889471039,3,48
219503.106071598,102.879842596594,4.05954420811031,27.3525293152779,3,66
179410.790597599,81.0593919118401,0.933667190489359,28.488374562934,2,58
118445.255681606,51.8230397533625,1.2575072288746,17.0572028155439,2,69
115245.650795504,49.2413557413965,2.99095869122539,15.1493100239895,7,31
273123.419082938,117.318700264441,2.27260262693744,33.2974298638292,5,59
223971.079293197,87.8080698300619,0.784329660004005,1.43358000135049,2,43
124230.431086873,58.2510556024499,4.63456190680154,29.8420966677368,7,59
203559.730552372,93.2802736689337,1.66618022636976,33.1602954994887,2,68
126513.010371447,55.779097530758,4.01580835413188,22.4272632589564,3,54
180277.496014259,82.5910618342459,1.46110556065105,28.4024562966079,1,68
170062.32764929,71.6212557675317,1.27273574192077,9.42383007099852,1,47
203500.854098733,82.7501563809346,3.48206695518456,32.4248562282883,1,32
208230.358850612,87.3431673436426,1.3978927055141,25.4649205477908,1,46
211157.661587675,80.9272431058343,0.611559923039749,2.23945083655417,5,49
108672.009299217,51.1987942492124,2.60332209453918,34.7889172495343,7,47
283488.35971773,116.829045529012,2.92819343181327,20.6515434775501,2,57
135232.466466692,58.0222300649621,3.90054861817043,33.0218697111122,7,54
166166.477600322,69.7012616309803,2.8122390655335,26.7023936696351,6,69
209482.789725763,91.8050645082258,2.18593723291997,14.1075401282869,5,37
279036.896364202,114.397144956747,2.10102511302102,20.8151464774273,7,60
218231.110591162,79.4738032843452,0.514034391497262,18.5816832846031,2,41
279392.180876951,115.327744813403,1.78200494241901,11.7432530666701,4,69
252882.805777099,94.2680067080073,2.54473669116851,32.1349548297003,3,61
163182.186150308,69.5439429825637,1.61289410840254,5.68214972643182,1,33
102262.850420813,45.2581543580163,3.85671520931646,11.0357946311124,5,48
142145.267836952,63.3037415728904,4.76063309086021,32.0085255121812,5,45
229055.373412877,91.1357320134994,1.68665685015731,3.72672586329281,3,40
175060.166105611,80.8731606218498,2.70654243673198,25.4744702507742,4,44
227739.123800697,91.2331210146658,3.41844090365339,29.7532374938019,1,69
265512.778059717,107.024673825363,1.65045360301156,24.5870734443888,4,54
119164.69571049,59.973994740285,1.45806349138729,21.3160225222819,6,44
116681.291549936,50.6404672621284,4.86049256543629,16.8742827763781,6,62
271881.306201788,111.04302234482,4.88341389072593,10.4484483995475,3,41
192343.782835525,92.7621366328094,3.24295619491022,32.9108183663338,1,46
176618.664108919,79.5351250958629,1.02028712211177,32.7149129672907,3,67
266848.405997616,107.784356967313,4.83509423374198,4.01760468026623,2,34
285964.995162812,116.481228678022,2.16811162489466,4.70584216387942,1,53
155205.706164866,76.6761514171958,3.19985367229674,26.7422166489996,2,35
177430.242115421,84.1776940959971,3.13722178153694,29.9975765109994,6,52
144849.589319375,60.7970512693282,4.54125782020856,15.7252412484959,7,48
160582.851506616,80.1764903403819,1.08612729527522,22.3499457440339,3,53
274735.011697854,112.332540551433,2.56733612623066,7.99678468611091,1,43
155317.584794077,71.8311335064936,2.61062396329362,9.93772317236289,7,67
221560.08269844,91.8725373793859,3.65563135733828,4.70033541228622,7,34
245143.804996964,101.928411877016,1.22094096569344,20.7017015144229,7,45
288371.534790221,119.927044595825,1.4046907548327,34.3290338087827,5,32
233383.063881632,97.2504250751808,2.12683871248737,1.74536372115836,1,30
164669.034809494,74.7853193536866,4.53216329705901,11.0237290277146,4,44
208807.954342405,96.135916763451,3.14735422632657,23.2904534009285,2,31
225605.62610431,88.4849690005649,3.72945022536442,9.4092110125348,1,53
125999.536086701,54.6309445041697,1.05853841186035,20.2999126496725,5,56
255957.850295117,105.93542505987,1.28361663094256,8.10708245215937,2,37
143926.279857317,62.5906731106807,1.33634238410741,17.8363584796898,1,47
166433.511024121,72.1373847266659,2.75292491330765,5.21582366013899,6,58
195865.552682403,81.8795758578926,3.38410062773619,7.81821881746873,2,45
198965.666385994,79.6643770113587,1.81016330700368,4.51432871166617,7,32
206477.376637212,82.2027872828767,1.2121725268662,33.661468047183,6,68
151495.069561842,73.9905201410875,2.17874762089923,16.443510895595,3,55
192465.82112863,85.971878223354,2.45049169822596,5.05514951143414,2,47
283755.895951075,118.176359437639,3.9254743331112,22.0670925239101,2,48
257885.408903952,103.043294318486,4.20181600481737,25.9220061986707,2,56
159688.163359267,73.5342735238373,1.56226988381241,6.28041956434026,5,49
269703.128802605,114.932905433234,4.33470369304996,14.4871859424748,1,30
277916.67663291,118.500669415807,2.54822473949753,30.4263241454028,4,51
101037.525730926,45.913442048477,2.24791824689601,23.354009732604,6,43
281525.95767055,119.715578940231,4.21692537434865,25.1074695880525,1,44
211321.807313348,96.9761095871218,1.85499879647978,15.5680782776326,6,38
126332.022299018,57.3792566650081,3.55850145686418,3.98083478957415,5,48
240452.727898409,95.8561246271711,4.78533625369892,33.0096081173979,4,62
103199.811484379,46.6194969881326,1.80076708877459,10.6918871738017,5,57
200966.020661556,78.6349782824982,3.20502023340669,1.10113722551614,1,65
258943.211627807,103.848880935693,1.93400846398436,17.4435103451833,4,60
133571.555727164,62.3295731772669,2.70276920776814,33.8263261909597,1,49
268668.96037247,106.472043598769,1.8378857151838,3.13768573012203,2,34
190619.78465208,82.9960547899827,2.3495884881122,33.0999548165128,4,40
137544.297012664,70.9393639513291,2.64463293191511,16.4198001204059,3,32
