"price","space","location"
44.1981475612612,31.0464226857137,"Kawagoe"
37.6852132956264,31.1336123706617,"Kawagoe"
50.9753617997343,33.6344834000534,"Kawagoe"
200.18681070698,35.7100112396302,"Tokyo"
124.338513287292,36.9696262427062,"Omiya"
62.8700417633927,38.3047386587793,"Kawagoe"
64.0503817908569,39.591400106134,"Kawagoe"
58.0092211840984,39.7681329511313,"Kawagoe"
59.4415606475036,39.8754568404562,"Kawagoe"
68.0909193015831,40.1425377613049,"Kawagoe"
58.7034370449687,41.8300162427959,"Kawagoe"
71.5846586308803,42.0131009467807,"Kawagoe"
154.438689997377,43.8205714600837,"Omiya"
147.792256110237,44.3064584806246,"Omiya"
59.0723426576123,44.4717685401052,"Kawagoe"
169.735573231553,45.930617035056,"Omiya"
76.4227550186767,46.029835361279,"Kawagoe"
159.859085265926,46.2412601407105,"Omiya"
159.982819310314,46.3859736214044,"Omiya"
277.435301428585,46.8220852544733,"Tokyo"
61.4307681323974,46.9621211844195,"Kawagoe"
160.317351503988,47.6165286392348,"Omiya"
159.862149989182,48.150192950971,"Omiya"
269.28313280218,48.7070565133012,"Tokyo"
164.566723422637,48.7522339055914,"Omiya"
175.60289931078,48.8186988276151,"Omiya"
166.314679662308,48.8341909403731,"Omiya"
75.3538665275187,48.8621183737557,"Kawagoe"
70.3652541448352,49.3126187701392,"Kawagoe"
179.794652885956,49.4946457007137,"Omiya"
182.439257514769,49.4948082092919,"Omiya"
271.474505556092,49.5065245655105,"Tokyo"
181.525467478785,49.7659636922509,"Omiya"
272.652712573257,49.7704567183583,"Tokyo"
260.443612450145,49.864461866693,"Tokyo"
287.122695941197,49.9619695339688,"Tokyo"
175.508014710274,50.1198862657025,"Omiya"
283.808349923509,50.1226386628197,"Tokyo"
268.420835040928,50.1436650950205,"Tokyo"
286.511324618738,50.2432980541275,"Tokyo"
266.1048714904,50.3492589027176,"Tokyo"
301.440794157815,50.435038613159,"Tokyo"
69.6295688715135,50.535072655996,"Kawagoe"
282.315500469806,50.6758358656213,"Tokyo"
173.763339086913,50.8171536229319,"Omiya"
182.359623284215,50.8206864763439,"Omiya"
286.461225620754,50.8314423861328,"Tokyo"
80.4146301873112,51.0191792768792,"Kawagoe"
286.29543415833,51.4289763186359,"Tokyo"
303.446358473127,51.4813272232687,"Tokyo"
285.411916713823,51.6594142070779,"Tokyo"
272.836748598042,51.6626431363534,"Tokyo"
188.525202830554,52.0564727531077,"Omiya"
70.5448608877679,52.1682247137391,"Kawagoe"
275.127866292183,52.2384757659986,"Tokyo"
82.0144842659448,52.3452869555198,"Kawagoe"
277.124029089869,52.3858936917012,"Tokyo"
189.669656879421,52.6067170567714,"Omiya"
182.053226101324,52.8742399995667,"Omiya"
193.591528474598,52.8805716482824,"Omiya"
310.171690121775,52.9414679629927,"Tokyo"
195.272687337737,53.2236298837308,"Omiya"
78.9258605416144,53.25693108683,"Kawagoe"
75.0423190047223,53.2747427407158,"Kawagoe"
187.836745018565,53.3529640416102,"Omiya"
191.678010185911,53.4618079935627,"Omiya"
81.5495284306854,53.4806686568409,"Kawagoe"
195.113056684016,53.5166595424153,"Omiya"
285.357285184479,53.5590301899698,"Tokyo"
196.205421922017,53.5788498960532,"Omiya"
188.111759776158,53.6139854956156,"Omiya"
184.487903808382,53.6360476860907,"Omiya"
186.575160019157,53.6427386948736,"Omiya"
309.716668135546,53.6746568879729,"Tokyo"
188.973485848528,53.7262008439314,"Omiya"
289.103945650691,53.7572224651666,"Tokyo"
189.762319835007,53.7674799764027,"Omiya"
320.814755896965,53.8484808439257,"Tokyo"
197.326953709911,53.8930119722664,"Omiya"
193.063796830981,54.0087595509266,"Omiya"
76.1413740753896,54.0246304010197,"Kawagoe"
278.995015563546,54.1179529705525,"Tokyo"
301.340345058895,54.1490031636283,"Tokyo"
293.083411079997,54.1865596415946,"Tokyo"
184.63669465981,54.2466390615477,"Omiya"
278.156328624912,54.2662878888839,"Tokyo"
275.751800734797,54.2751990436094,"Tokyo"
181.1109097387,54.2810729609354,"Omiya"
193.462749408213,54.2994725346644,"Omiya"
309.599885560265,54.3927484690076,"Tokyo"
295.74112603224,54.436497004647,"Tokyo"
274.979005647084,54.4382866319958,"Tokyo"
313.229305450753,54.4446885039597,"Tokyo"
306.465422711045,54.6142950230174,"Tokyo"
286.034579822494,54.6941401018978,"Tokyo"
322.753393068405,54.7326739264412,"Tokyo"
192.458217575712,54.8771119313404,"Omiya"
199.705251144213,54.8879014836266,"Omiya"
192.675945887364,54.9005493516431,"Omiya"
193.207381951503,54.9362934372445,"Omiya"
308.926157477362,55.0732362356805,"Tokyo"
81.4117105963585,55.0802687963434,"Kawagoe"
200.038907806492,55.1878640226249,"Omiya"
303.905967044537,55.1978397083867,"Tokyo"
303.923951504773,55.2318240128157,"Tokyo"
319.095935730083,55.281990137765,"Tokyo"
309.775507931075,55.2919593879173,"Tokyo"
86.07605888736,55.3612617915157,"Kawagoe"
83.3379398233212,55.3656941585834,"Kawagoe"
90.3757028498647,55.3668317219216,"Kawagoe"
290.786569881423,55.4285130043061,"Tokyo"
204.026542488231,55.4875761525245,"Omiya"
326.862726790334,55.6902503444841,"Tokyo"
303.6067159956,55.7042567989476,"Tokyo"
194.844883316522,55.8796418935458,"Omiya"
202.155627440391,55.9349886074424,"Omiya"
195.543918321287,55.9768546347121,"Omiya"
297.943094359569,56.0336881399066,"Tokyo"
200.946626253042,56.0545838676361,"Omiya"
321.38641496968,56.1498369629351,"Tokyo"
193.88484657963,56.1767979331772,"Omiya"
203.639775779586,56.2693166744825,"Omiya"
78.1572046803454,56.3146297895755,"Kawagoe"
316.929702760747,56.3700398467655,"Tokyo"
318.537141567342,56.3979492837332,"Tokyo"
193.29166241379,56.5043792778295,"Omiya"
322.235887562602,56.5107624757235,"Tokyo"
196.043269222529,56.7494959352063,"Omiya"
196.556303686887,56.7720073513303,"Omiya"
80.5869683515465,56.8298897199455,"Kawagoe"
321.168588701877,56.8868357487971,"Tokyo"
317.752407688227,56.8988278612407,"Tokyo"
296.361305600042,56.9186697101069,"Tokyo"
307.166087813846,56.9443717726224,"Tokyo"
191.02449314147,56.9872423352933,"Omiya"
192.696369602188,57.1206681429893,"Omiya"
208.639045652548,57.1824871074373,"Omiya"
331.650008499904,57.3824073389177,"Tokyo"
322.746807053849,57.5034965902695,"Tokyo"
204.010556899523,57.5570538934187,"Omiya"
340.640850503931,57.6869288627063,"Tokyo"
197.790747700861,57.742206373557,"Omiya"
303.018146859918,57.7768847667136,"Tokyo"
335.632757006933,57.802384702789,"Tokyo"
305.050823724767,57.8434208880321,"Tokyo"
198.271768240469,57.9309288234653,"Omiya"
210.849957832435,57.9529018948445,"Omiya"
211.470031063684,57.9684918814624,"Omiya"
337.004852040607,57.9685399417903,"Tokyo"
341.676431477707,57.9740445493948,"Tokyo"
202.369229806207,57.9780471347783,"Omiya"
209.641606286479,58.0165086155315,"Omiya"
324.970720276313,58.0718726848644,"Tokyo"
314.577947496623,58.115380314128,"Tokyo"
198.236654950183,58.2326270120664,"Omiya"
204.624978101528,58.2823379331655,"Omiya"
209.83331528979,58.2921981572643,"Omiya"
81.461646340489,58.3715889153876,"Kawagoe"
342.040861984543,58.4308140495988,"Tokyo"
78.036269864232,58.4350731237337,"Kawagoe"
298.353430752542,58.4522706618012,"Tokyo"
326.10364024782,58.4679060687962,"Tokyo"
89.6394844976571,58.5698913608579,"Kawagoe"
201.522681218436,58.5835955235719,"Omiya"
317.805947563041,58.6932340534214,"Tokyo"
327.651634767994,58.712220727867,"Tokyo"
306.227016171198,58.712309429886,"Tokyo"
319.69226935136,58.7640274272942,"Tokyo"
205.307263168912,58.8204894189419,"Omiya"
211.724282336024,58.9294089005924,"Omiya"
96.752345968006,58.984833527956,"Kawagoe"
318.389318908398,58.9949090206184,"Tokyo"
210.201390171756,59.0187417650214,"Omiya"
334.233364839556,59.0250618826906,"Tokyo"
208.762411140519,59.0434422279198,"Omiya"
346.475772314753,59.0593689797872,"Tokyo"
202.9255076558,59.065963388145,"Omiya"
301.992146647629,59.0669921641832,"Tokyo"
205.834920143912,59.1485970542415,"Omiya"
312.227153863223,59.194647493929,"Tokyo"
203.588413195801,59.1971805119954,"Omiya"
206.290284457676,59.215272720122,"Omiya"
348.885227827697,59.2859016235015,"Tokyo"
205.46079646236,59.3378255686556,"Omiya"
334.246525127658,59.3690316393859,"Tokyo"
89.4515455080552,59.4165762721487,"Kawagoe"
199.276056443114,59.4282972905137,"Omiya"
213.930108533604,59.4375098471104,"Omiya"
213.904438593494,59.4401257849896,"Omiya"
89.2337312348936,59.442652071814,"Kawagoe"
210.705595217082,59.4516536700927,"Omiya"
325.55981841589,59.4575176730052,"Tokyo"
212.394253771733,59.4589397130212,"Omiya"
322.667248733358,59.4735574485257,"Tokyo"
206.69271871683,59.5115485607855,"Omiya"
309.243635966783,59.511877612188,"Tokyo"
207.125094620072,59.5176470581785,"Omiya"
88.3342474771558,59.5279312834073,"Kawagoe"
204.768895576928,59.5306517051362,"Omiya"
333.571123562985,59.5553776860151,"Tokyo"
199.173449418306,59.5740940982699,"Omiya"
212.504591107832,59.6099380349202,"Omiya"
350.33895837524,59.6162192052045,"Tokyo"
312.801744934531,59.6201243673004,"Tokyo"
206.375985266157,59.6218571970188,"Omiya"
349.520718887491,59.722125591464,"Tokyo"
206.071172772579,59.8803159186477,"Omiya"
216.993615033383,59.8972767876991,"Omiya"
318.494416155664,60.0787878691469,"Tokyo"
220.344102430577,60.0991228891937,"Omiya"
343.660666125154,60.1343091907112,"Tokyo"
99.4630348199808,60.1573634726192,"Kawagoe"
307.009410614484,60.1581081220306,"Tokyo"
215.108393678588,60.1865135761661,"Omiya"
214.229812930019,60.1926790405749,"Omiya"
98.2675718168319,60.2270962221275,"Kawagoe"
211.406801985872,60.2274475340644,"Omiya"
202.367390809423,60.2457000344008,"Omiya"
347.422293938978,60.2500869371509,"Tokyo"
328.323197002569,60.3032923618585,"Tokyo"
207.869193719057,60.3229268074326,"Omiya"
208.284486363746,60.3282783377682,"Omiya"
330.38445027219,60.3705384377388,"Tokyo"
93.3338495210066,60.3765198530177,"Kawagoe"
356.74498713078,60.4204155288231,"Tokyo"
211.09957444498,60.4648950150971,"Omiya"
334.684191294913,60.4879681931071,"Tokyo"
208.661524070802,60.5136765045786,"Omiya"
324.135149069484,60.5534538282724,"Tokyo"
95.6646560513583,60.572099344754,"Kawagoe"
217.15579579711,60.587024513462,"Omiya"
321.734261400163,60.6612525209959,"Tokyo"
209.676770904375,60.719550370716,"Omiya"
221.963228548085,60.7233499821141,"Omiya"
96.5707852045691,60.7321871200367,"Kawagoe"
221.297068669169,60.7803095780543,"Omiya"
217.90735068568,60.7851283300801,"Omiya"
335.501836076592,60.8117452482657,"Tokyo"
205.806139074101,60.8655981013878,"Omiya"
221.269795732215,60.8751837950775,"Omiya"
332.639329648228,60.8884331136308,"Tokyo"
349.972821036448,60.9266061860901,"Tokyo"
215.93574340311,60.979873135806,"Omiya"
219.951400260975,61.0558532757348,"Omiya"
206.571222604053,61.0653761773731,"Omiya"
86.7476856325504,61.0917457155096,"Kawagoe"
314.634145016687,61.1135323828929,"Tokyo"
82.8449335664136,61.1614258412022,"Kawagoe"
218.561712408747,61.1726598357333,"Omiya"
217.368535986075,61.1986052497417,"Omiya"
314.622031126436,61.2090160261305,"Tokyo"
321.065998300622,61.2376589564591,"Tokyo"
312.993142197013,61.2740410770564,"Tokyo"
219.09905276471,61.3291624500423,"Omiya"
208.646025771227,61.3307801333252,"Omiya"
315.061699142709,61.3466815553152,"Tokyo"
344.467489485793,61.3487048742067,"Tokyo"
208.55968699109,61.3849103404692,"Omiya"
100.990851989142,61.3906697290239,"Kawagoe"
355.622964759398,61.4217827159309,"Tokyo"
333.19991482426,61.4284131697202,"Tokyo"
348.422609130074,61.4336955234348,"Tokyo"
221.955804976568,61.4456260145584,"Omiya"
218.222583774413,61.4461397060143,"Omiya"
208.559709291787,61.4948619923085,"Omiya"
326.159944305484,61.4970698024415,"Tokyo"
86.6812490598406,61.5582023698287,"Kawagoe"
206.301780249447,61.5624826879076,"Omiya"
347.720275925516,61.589668479756,"Tokyo"
215.332683558308,61.6103404549381,"Omiya"
210.208719150783,61.6581765087762,"Omiya"
324.772417608654,61.756191469222,"Tokyo"
90.7751374112362,61.7960265109883,"Kawagoe"
335.050181332269,61.8055912154203,"Tokyo"
344.92662380895,61.8165069949362,"Tokyo"
209.029617481122,61.8334743644517,"Omiya"
356.028776803837,61.8751932086832,"Tokyo"
318.168739442609,61.8758458142741,"Tokyo"
335.083482263717,61.9043534474473,"Tokyo"
216.885135144058,61.9717479225958,"Omiya"
328.389479130672,61.9721325544772,"Tokyo"
213.557234338216,61.9769141095855,"Omiya"
85.4124674169136,61.9775934061516,"Kawagoe"
212.519990754974,62.0060057830889,"Omiya"
226.288742071404,62.0344451036343,"Omiya"
211.844757190008,62.0584117514843,"Omiya"
357.870409495928,62.1009943008227,"Tokyo"
223.944525736778,62.1044985642452,"Omiya"
318.932718560213,62.1446670875668,"Tokyo"
90.206530819532,62.1710446625181,"Kawagoe"
354.160968650038,62.1723022913726,"Tokyo"
85.8714578238951,62.2524744914026,"Kawagoe"
218.825053586888,62.3394456759316,"Omiya"
325.256868823804,62.4230829616839,"Tokyo"
222.910099566668,62.4399039459909,"Omiya"
100.195012318538,62.4649335708527,"Kawagoe"
216.97254921236,62.5026057272641,"Omiya"
218.788213972577,62.5507959206234,"Omiya"
319.330394658182,62.5606626388897,"Tokyo"
357.959399305635,62.6217528400226,"Tokyo"
90.6487899386248,62.6875841351175,"Kawagoe"
224.430474406102,62.7100046165269,"Omiya"
216.320544353713,62.7207384639095,"Omiya"
103.781097965375,62.7287597402092,"Kawagoe"
212.447829878035,62.7437766609669,"Omiya"
227.395193837414,62.7819173569708,"Omiya"
210.549731107013,62.8266306332057,"Omiya"
227.172701660549,62.8702810310906,"Omiya"
339.898668337017,62.8791878893734,"Tokyo"
228.070609797868,62.8862804401015,"Omiya"
344.579068147926,62.8910338709935,"Tokyo"
361.36085191859,62.930777266581,"Tokyo"
347.290835905193,62.9388599916152,"Tokyo"
339.876223391793,62.9422369648339,"Tokyo"
344.232644515698,62.970044441035,"Tokyo"
95.9535309959941,62.9896912698195,"Kawagoe"
226.815434718757,63.0381652170714,"Omiya"
363.821671878569,63.092843593204,"Tokyo"
359.317747588825,63.1248973253432,"Tokyo"
347.598281811701,63.1460448293967,"Tokyo"
94.4323121528242,63.1497499877654,"Kawagoe"
221.050767239041,63.1605561202251,"Omiya"
227.059721761459,63.2230450761321,"Omiya"
226.724697952481,63.2344968138918,"Omiya"
228.270069528471,63.2763832980786,"Omiya"
230.418958249393,63.2794747873831,"Omiya"
339.313827845174,63.2928966089744,"Tokyo"
221.955327099275,63.3477944138572,"Omiya"
229.019682809053,63.3513119434389,"Omiya"
224.791061394909,63.3580647145704,"Omiya"
365.721098977054,63.3778465282521,"Tokyo"
368.525832123077,63.3974105140788,"Tokyo"
357.746301161705,63.4063240671738,"Tokyo"
217.9850264093,63.4201074302222,"Omiya"
212.540194221736,63.4342474588755,"Omiya"
336.858035074612,63.4647915516676,"Tokyo"
326.553511456865,63.4690544610841,"Tokyo"
221.30790771791,63.5030570316666,"Omiya"
325.260563033967,63.508988375413,"Tokyo"
231.328286229287,63.5182561788253,"Omiya"
223.089256470628,63.528925254296,"Omiya"
360.092307868189,63.5563185178183,"Tokyo"
352.857415271087,63.5571009771732,"Tokyo"
370.449318121445,63.558748811361,"Tokyo"
222.930894826857,63.5631254135342,"Omiya"
368.331063121488,63.5776404061822,"Tokyo"
364.3484636986,63.6104823061913,"Tokyo"
94.2742442608895,63.6190482532661,"Kawagoe"
350.341083732856,63.6530927563516,"Tokyo"
96.9304528227826,63.6736744580669,"Kawagoe"
327.328750322007,63.6900635488489,"Tokyo"
95.5665662355947,63.7069907587172,"Kawagoe"
217.900426417352,63.7153152873328,"Omiya"
227.554397545387,63.7194254141847,"Omiya"
231.792052825135,63.7276178769143,"Omiya"
215.240141333299,63.7708852328984,"Omiya"
355.076401938963,63.7966467156158,"Tokyo"
216.076172120197,63.8096533330633,"Omiya"
337.125725199305,63.8150358433454,"Tokyo"
331.104121027243,63.8213437424311,"Tokyo"
371.839845659169,63.8570991812875,"Tokyo"
219.323479429527,63.9621691761503,"Omiya"
337.735969732898,63.9764287799275,"Tokyo"
224.197824094252,63.9766352370364,"Omiya"
327.70243292321,64.0076443859808,"Tokyo"
227.159739160362,64.0175608719597,"Omiya"
338.497112287444,64.0194521122617,"Tokyo"
221.58405604005,64.0404220023223,"Omiya"
232.159300462635,64.0608024683153,"Omiya"
216.209029619624,64.0696388280936,"Omiya"
220.39581695039,64.1094607112881,"Omiya"
227.300177784922,64.1110580907619,"Omiya"
97.0462920627721,64.1422124374146,"Kawagoe"
347.955783740522,64.1468191866336,"Tokyo"
229.096712552615,64.1720126246365,"Omiya"
351.162836377581,64.1833105976401,"Tokyo"
360.215023483673,64.1976194113428,"Tokyo"
352.377445436748,64.2112894470065,"Tokyo"
348.698273797704,64.2428078342733,"Tokyo"
222.895283517348,64.2550255517648,"Omiya"
221.399387299794,64.2575754655694,"Omiya"
234.820080915077,64.344758563963,"Omiya"
233.055546996732,64.3570795656818,"Omiya"
360.554843584532,64.3626896076057,"Tokyo"
231.985238748982,64.3768304214967,"Omiya"
217.617617689488,64.409734697865,"Omiya"
103.132196967116,64.4232215233134,"Kawagoe"
340.679076736151,64.4666468709049,"Tokyo"
228.644853190379,64.4842973877942,"Omiya"
230.456753500124,64.488407880691,"Omiya"
232.075651617018,64.4936373745344,"Omiya"
95.5326306307203,64.5205371671343,"Kawagoe"
93.2428644664218,64.5245891419305,"Kawagoe"
353.107947801467,64.5508163995946,"Tokyo"
235.180416514108,64.5547838514241,"Omiya"
221.768871706732,64.5765077902293,"Omiya"
367.144184424943,64.618461751452,"Tokyo"
330.718406937401,64.6253633812982,"Tokyo"
217.902398269831,64.6585344768589,"Omiya"
231.982770804295,64.6787006940101,"Omiya"
228.814541237498,64.7212339568015,"Omiya"
365.806965934684,64.7272319485709,"Tokyo"
105.715246975213,64.7318992805826,"Kawagoe"
106.310516133313,64.7877272767105,"Kawagoe"
220.055818831247,64.8445239712821,"Omiya"
236.681001101953,64.8896274407946,"Omiya"
225.711658268434,64.8919408308642,"Omiya"
219.743130951186,64.8996813366449,"Omiya"
233.160754330382,64.9143622629131,"Omiya"
102.384530851165,64.9567609531892,"Kawagoe"
368.038967304968,64.9648522292878,"Tokyo"
378.298951176062,64.9683614838142,"Tokyo"
227.423696017287,65.0117235344496,"Omiya"
101.345315278823,65.0361556754375,"Kawagoe"
236.244152073641,65.0405337533475,"Omiya"
104.199920536127,65.0703014850094,"Kawagoe"
220.856514280446,65.1245084806126,"Omiya"
342.562570890563,65.1429727592527,"Tokyo"
345.408339639534,65.1627194440102,"Tokyo"
382.154463169905,65.181617857261,"Tokyo"
334.041626656148,65.2365267590365,"Tokyo"
345.068694593655,65.248410653626,"Tokyo"
219.009396559162,65.2769497115627,"Omiya"
364.707479999076,65.2995309730062,"Tokyo"
348.583182034188,65.3306467425778,"Tokyo"
222.263851254955,65.331501693534,"Omiya"
225.091738225545,65.3671539054989,"Omiya"
95.7740570742451,65.3681440463786,"Kawagoe"
361.465442944684,65.3997695552511,"Tokyo"
370.137476715557,65.4066955762694,"Tokyo"
382.861235843248,65.4518109091344,"Tokyo"
232.903651474144,65.4720500843621,"Omiya"
356.461265314406,65.4972484426808,"Tokyo"
370.977898676742,65.553654516768,"Tokyo"
224.176685492553,65.563806301794,"Omiya"
232.328729963074,65.5649648322469,"Omiya"
235.067800308543,65.5890200891035,"Omiya"
227.983216060864,65.5987511560796,"Omiya"
380.01570264352,65.6359701701178,"Tokyo"
221.134785967072,65.6684528980759,"Omiya"
234.997496980589,65.6969813891744,"Omiya"
237.052525919272,65.7003012390983,"Omiya"
366.738900565335,65.7175220210068,"Tokyo"
343.406973670834,65.7219548068164,"Tokyo"
372.128716140085,65.7264791185261,"Tokyo"
230.370562255307,65.7312383521131,"Omiya"
366.539384128413,65.7475300462373,"Tokyo"
230.369753620682,65.7559611135034,"Omiya"
220.928399769642,65.7820769418182,"Omiya"
230.428199213472,65.8670511015582,"Omiya"
96.4334137767244,65.9138195701979,"Kawagoe"
240.713943746505,65.9498393417485,"Omiya"
93.3191010882703,65.9903711804249,"Kawagoe"
235.326235446788,66.0095965579384,"Omiya"
232.389641630268,66.0137273285513,"Omiya"
381.675462272619,66.0438898547206,"Tokyo"
352.130070810811,66.0459403698162,"Tokyo"
380.303833120103,66.0626179430415,"Tokyo"
379.27936747589,66.0933223894422,"Tokyo"
235.098214749838,66.1080457974317,"Omiya"
237.23856435548,66.1253611249037,"Omiya"
240.01454790912,66.172328543044,"Omiya"
359.748647844663,66.1867081409087,"Tokyo"
231.785028234557,66.1897325588829,"Omiya"
89.3521340757541,66.2270536216552,"Kawagoe"
222.914654195425,66.2419074406914,"Omiya"
241.13780535918,66.2728019834955,"Omiya"
239.391637955793,66.2770197817261,"Omiya"
103.215708488777,66.3039830564158,"Kawagoe"
360.35823649494,66.3250664075498,"Tokyo"
229.730041290335,66.3301849106274,"Omiya"
368.746882575171,66.3346701772508,"Tokyo"
233.9064250551,66.3649251003305,"Omiya"
362.867481784646,66.392638146832,"Tokyo"
223.930312103446,66.3958852490259,"Omiya"
239.388330323949,66.39736481446,"Omiya"
233.552723059383,66.4045242480797,"Omiya"
242.126326098173,66.4214750520541,"Omiya"
345.729307984185,66.4221295033152,"Tokyo"
234.97012664415,66.4285377488607,"Omiya"
232.866776262173,66.43730261037,"Omiya"
381.331640868821,66.4427016019992,"Tokyo"
363.389985886524,66.4870651555891,"Tokyo"
107.021390714403,66.5320466227209,"Kawagoe"
226.064458052356,66.5381214583315,"Omiya"
358.642802625535,66.5435006470528,"Tokyo"
239.750240499127,66.5854704015413,"Omiya"
232.917471395805,66.5904393174816,"Omiya"
356.348238370526,66.6545129968963,"Tokyo"
93.0219742208838,66.6715707611372,"Kawagoe"
100.281700665688,66.6867808169364,"Kawagoe"
388.036965360459,66.7224718199475,"Tokyo"
241.439619700964,66.7426170098939,"Omiya"
388.828614748719,66.7815787842468,"Tokyo"
380.950397034062,66.784800691086,"Tokyo"
241.970535413304,66.7981054830598,"Omiya"
354.241478090315,66.8004539005544,"Tokyo"
227.970159275945,66.8148404608676,"Omiya"
235.580132400962,66.837982948436,"Omiya"
361.963961820636,66.8403982057923,"Tokyo"
371.935822311749,66.8433850012986,"Tokyo"
361.298483111119,66.8700856519298,"Tokyo"
228.494436309826,66.87841444733,"Omiya"
239.194323713738,66.8856059267146,"Omiya"
382.781884628541,66.8856422429916,"Tokyo"
368.011370345426,67.0180565461579,"Tokyo"
231.408606875476,67.0884218760827,"Omiya"
230.504326689139,67.1063498378566,"Omiya"
380.802454899203,67.1145135739391,"Tokyo"
232.98167742084,67.1345648615042,"Omiya"
378.408818112797,67.2092911771446,"Tokyo"
234.912237037412,67.2370641363176,"Omiya"
354.661380777246,67.240930047753,"Tokyo"
356.881508425817,67.2420140984905,"Tokyo"
231.671106399091,67.2690594896297,"Omiya"
245.399646339623,67.3102692008183,"Omiya"
231.972811329659,67.3170082338995,"Omiya"
351.396930953772,67.3676532062966,"Tokyo"
389.345631274864,67.3729945827621,"Tokyo"
371.185381262717,67.4012005022922,"Tokyo"
385.497840371036,67.4155010089205,"Tokyo"
234.66439723449,67.4303352432118,"Omiya"
369.120322072947,67.4339193783995,"Tokyo"
241.288544577318,67.4396369685431,"Omiya"
108.145613655402,67.4560522902454,"Kawagoe"
108.219438886919,67.456530570175,"Kawagoe"
373.431412143564,67.4773097993172,"Tokyo"
347.830189142659,67.4877869781959,"Tokyo"
355.680498110873,67.4963734583077,"Tokyo"
367.686694828852,67.4973687480564,"Tokyo"
380.829825304257,67.4991580709804,"Tokyo"
233.731315641581,67.5179829283248,"Omiya"
244.700127598135,67.5306016553338,"Omiya"
370.060527354477,67.5326184317974,"Tokyo"
97.7624764990656,67.5416577296107,"Kawagoe"
110.955719284932,67.5436000577082,"Kawagoe"
235.502251318353,67.5589752574252,"Omiya"
231.12335971663,67.5869449710055,"Omiya"
105.180870022154,67.6082058701011,"Kawagoe"
98.3801030147016,67.6268161189516,"Kawagoe"
235.818989090449,67.6375428360526,"Omiya"
374.656631092372,67.6522876695338,"Tokyo"
385.949543807743,67.652714153429,"Tokyo"
374.148087533909,67.6675695150872,"Tokyo"
389.394058706605,67.7122761030415,"Tokyo"
229.339356647493,67.7282795247931,"Omiya"
375.179644398514,67.7311977272737,"Tokyo"
349.205307038273,67.7335123010413,"Tokyo"
229.437736612194,67.7396710441603,"Omiya"
102.157798553722,67.7653951104098,"Kawagoe"
245.603872378839,67.7896357180065,"Omiya"
103.74063743083,67.7926960388212,"Kawagoe"
369.410413069126,67.808318359682,"Tokyo"
95.0096371482904,67.822894465913,"Kawagoe"
243.195269562476,67.8244571502678,"Omiya"
363.322092806984,67.8314651477012,"Tokyo"
370.366052626664,67.8428000656268,"Tokyo"
394.806518966628,67.8553526018522,"Tokyo"
355.85469831796,67.8791479378424,"Tokyo"
232.917548581974,67.9126633427018,"Omiya"
394.334628856452,67.9177333439429,"Tokyo"
104.701229056414,67.9334502773207,"Kawagoe"
392.838309065508,67.9347053044179,"Tokyo"
244.0360783741,67.9356130984778,"Omiya"
237.302491059748,67.9400477053431,"Omiya"
237.269943089977,67.9639333283815,"Omiya"
241.656610688198,68.0240932870664,"Omiya"
358.130870594944,68.0247560987288,"Tokyo"
371.754732327962,68.0627480670738,"Tokyo"
360.190255881547,68.0783181302723,"Tokyo"
359.462323796497,68.0929386438005,"Tokyo"
380.120609054908,68.0953076437975,"Tokyo"
369.481014596912,68.1163877666435,"Tokyo"
244.909757770279,68.1183568358042,"Omiya"
380.82040037305,68.1218088224308,"Tokyo"
248.05627387604,68.1389970947864,"Omiya"
236.059272201756,68.1431932297737,"Omiya"
237.670698884538,68.1455465091228,"Omiya"
231.390077994998,68.1713260222896,"Omiya"
239.301600008479,68.1853875103335,"Omiya"
96.7740503234305,68.188970266002,"Kawagoe"
105.959454410171,68.2068189472098,"Kawagoe"
235.441562665048,68.2452838419215,"Omiya"
353.994270205846,68.246171340071,"Tokyo"
374.218608222605,68.2646985132215,"Tokyo"
240.553293831635,68.2884085106499,"Omiya"
242.941262135213,68.3134182050094,"Omiya"
247.466341639494,68.3869157147719,"Omiya"
233.600795254201,68.3926595172968,"Omiya"
248.054347038537,68.3965098259937,"Omiya"
363.655767281205,68.3982422818583,"Tokyo"
99.5296640458463,68.4122488769977,"Kawagoe"
241.45121748175,68.4316882160825,"Omiya"
398.989946742444,68.4593162474637,"Tokyo"
401.455700516296,68.4752394915246,"Tokyo"
388.682404534394,68.5024240310669,"Tokyo"
385.523654256011,68.5158701979292,"Tokyo"
389.836761616782,68.5365156322475,"Tokyo"
238.774786241081,68.565871022032,"Omiya"
101.283550077712,68.5995587685689,"Kawagoe"
374.43071927409,68.6034765009843,"Tokyo"
235.280903351978,68.6281193081078,"Omiya"
391.460946488218,68.6434911067895,"Tokyo"
393.328231263782,68.649941029682,"Tokyo"
246.474841021554,68.6860636192224,"Omiya"
364.828177337263,68.708167930931,"Tokyo"
230.879470113391,68.7223230551678,"Omiya"
232.497439658458,68.7359858049353,"Omiya"
250.121053693457,68.7432627110117,"Omiya"
402.556077360741,68.7597324868677,"Tokyo"
354.910244886643,68.7849039848337,"Tokyo"
403.332871352938,68.7896665127543,"Tokyo"
94.1993988886574,68.8261569430497,"Kawagoe"
390.631585524352,68.8361639669892,"Tokyo"
245.488216723354,68.8385458330602,"Omiya"
370.560557065887,68.8546357331596,"Tokyo"
235.742267264563,68.8817103863156,"Omiya"
100.091322174966,68.889061357652,"Kawagoe"
242.109527404923,68.8903513613398,"Omiya"
390.355122982848,68.9081387525506,"Tokyo"
378.258137734652,68.9429205658673,"Tokyo"
240.053018527922,68.9640740453869,"Omiya"
240.409222304924,68.9706856063197,"Omiya"
391.270304277567,68.9710583968815,"Tokyo"
111.633849728881,68.9790402495802,"Kawagoe"
375.675891205602,69.0201021148278,"Tokyo"
237.074356137135,69.0255895249847,"Omiya"
378.376375701988,69.1234304852888,"Tokyo"
382.261876759372,69.1272435789879,"Tokyo"
95.7910439869395,69.1518295732641,"Kawagoe"
251.251837150895,69.1569391413866,"Omiya"
370.669045364845,69.1570897346002,"Tokyo"
395.181822748073,69.1883427927712,"Tokyo"
387.184296346941,69.2241848482362,"Tokyo"
103.29883533771,69.2251169263,"Kawagoe"
362.493154911558,69.2315211781641,"Tokyo"
233.151431348711,69.2494545583151,"Omiya"
94.1673036986361,69.2711085605966,"Kawagoe"
401.921019600176,69.2761521535728,"Tokyo"
251.28656882926,69.2986243847309,"Omiya"
248.689030864644,69.2999720239201,"Omiya"
380.313709865537,69.3011277373421,"Tokyo"
368.204842634332,69.325710307861,"Tokyo"
404.468417172713,69.3306176445569,"Tokyo"
245.756422806525,69.3366318206685,"Omiya"
252.667516447291,69.368302542893,"Omiya"
377.796755098556,69.3957109907311,"Tokyo"
240.211208703614,69.4148246421513,"Omiya"
105.52940895796,69.4184789435078,"Kawagoe"
360.487214834715,69.4364513415008,"Tokyo"
244.950406711167,69.4600577363985,"Omiya"
357.699798995851,69.4736432484331,"Tokyo"
237.861917465184,69.4879705736158,"Omiya"
233.470721793133,69.5183897467478,"Omiya"
234.181518028634,69.5562497553426,"Omiya"
238.474874650263,69.5602203427,"Omiya"
374.585481769325,69.5625612980287,"Tokyo"
378.291700043562,69.5739318102489,"Tokyo"
240.475768401946,69.5824660950759,"Omiya"
245.503547967353,69.590677553239,"Omiya"
235.593715839253,69.5949722036658,"Omiya"
358.00799941134,69.6089478158008,"Tokyo"
247.660367335339,69.6113102111849,"Omiya"
361.621289331395,69.6157833419781,"Tokyo"
397.252500599314,69.6167936370063,"Tokyo"
250.815765730131,69.6185435189804,"Omiya"
100.006744340294,69.6212220131414,"Kawagoe"
238.948906575088,69.6394453460457,"Omiya"
378.303332322389,69.7221159677817,"Tokyo"
377.381401948384,69.7320975230728,"Tokyo"
241.278407687957,69.7389119471511,"Omiya"
251.67992826069,69.7561897656274,"Omiya"
252.169034114893,69.820630637355,"Omiya"
251.821668192339,69.8334001543706,"Omiya"
372.316208959778,69.854072555601,"Tokyo"
242.208627855892,69.8941825243837,"Omiya"
245.564130271863,69.8969978525392,"Omiya"
366.055588713762,69.9178971072334,"Tokyo"
406.180014870065,69.9205594668895,"Tokyo"
405.274291078421,69.9290251779033,"Tokyo"
105.597503901975,69.9294176353476,"Kawagoe"
252.502343702889,69.9307186094819,"Omiya"
380.092275252123,69.9531978978394,"Tokyo"
392.933433963525,69.9555201658436,"Tokyo"
397.04247947722,69.9820028312085,"Tokyo"
99.3998317869733,69.9937280877418,"Kawagoe"
250.051215820651,70.019412060317,"Omiya"
239.6297883494,70.01977920719,"Omiya"
376.578583734322,70.0966148854365,"Tokyo"
399.425284992765,70.1087419743482,"Tokyo"
98.3546498787184,70.112483386358,"Kawagoe"
236.33362423818,70.1133712719152,"Omiya"
254.449363860899,70.136606105907,"Omiya"
110.755146043455,70.1408062223876,"Kawagoe"
112.576041629854,70.1467901613187,"Kawagoe"
255.51598920829,70.1530193866559,"Omiya"
405.700997189993,70.1623684064404,"Tokyo"
241.520086224575,70.1913739103325,"Omiya"
392.645517928607,70.203084817171,"Tokyo"
397.888059590533,70.222995989458,"Tokyo"
380.035034615645,70.2395158040263,"Tokyo"
247.657883540799,70.2515817010715,"Omiya"
252.626148695295,70.2824683434678,"Omiya"
405.08670354393,70.2899541902959,"Tokyo"
373.210815101056,70.2991978253719,"Tokyo"
113.016660725706,70.3122274950198,"Kawagoe"
406.45203424606,70.3554197438697,"Tokyo"
402.355119211013,70.3609773821233,"Tokyo"
365.311178463984,70.3664587118931,"Tokyo"
249.749256049898,70.3675957659155,"Omiya"
382.720532366628,70.4003090006035,"Tokyo"
237.784693839166,70.4170393004874,"Omiya"
248.166311631052,70.4390392269084,"Omiya"
238.901713464198,70.4431590309561,"Omiya"
403.2771615216,70.4558354573402,"Tokyo"
250.042552480157,70.4588934759634,"Omiya"
239.39753037147,70.4846554707622,"Omiya"
248.610447838311,70.5061562671633,"Omiya"
255.913489557191,70.5441456882398,"Omiya"
238.118944006552,70.5470493493199,"Omiya"
240.726593831537,70.5687474914379,"Omiya"
250.77012262153,70.5734781770156,"Omiya"
386.486412107293,70.5920920474117,"Tokyo"
251.898472675705,70.6365577926129,"Omiya"
399.940502994122,70.6387920730808,"Tokyo"
398.926007101897,70.662238181167,"Tokyo"
254.486303774528,70.6632579311941,"Omiya"
391.343286250147,70.6857632169817,"Tokyo"
106.987199222661,70.6937903743187,"Kawagoe"
250.128549456283,70.7496788559386,"Omiya"
367.380371849956,70.7926714554887,"Tokyo"
240.919532671053,70.8181968697064,"Omiya"
255.819139223432,70.8248835918833,"Omiya"
369.86587525825,70.8253454010849,"Tokyo"
246.215297010898,70.8422597628574,"Omiya"
402.430744811082,70.8679881801371,"Tokyo"
413.161276426187,70.8875549480526,"Tokyo"
404.824645869038,70.8939047582066,"Tokyo"
367.638840095423,70.9239980417226,"Tokyo"
391.636054920725,70.9326774143942,"Tokyo"
247.977812604825,70.9916323271275,"Omiya"
112.682214433309,70.9983988248932,"Kawagoe"
395.721338893809,71.0053321557561,"Tokyo"
377.199483370916,71.0383041209871,"Tokyo"
383.302023574411,71.0419962010227,"Tokyo"
404.962239329236,71.0632981281217,"Tokyo"
102.447883685062,71.0781363353993,"Kawagoe"
252.570183704238,71.0972313339699,"Omiya"
246.501239691792,71.1526838610018,"Omiya"
400.735871202418,71.1566104637651,"Tokyo"
381.292312606154,71.1713185664961,"Tokyo"
257.747256048837,71.2181904807881,"Omiya"
250.977128333329,71.2467264381134,"Omiya"
115.960118474374,71.259939882861,"Kawagoe"
369.555134191771,71.2693867558338,"Tokyo"
248.703195859918,71.2749871684126,"Omiya"
247.287176633765,71.2765549018313,"Omiya"
393.72556285773,71.2913751167474,"Tokyo"
111.005030373756,71.3589077546522,"Kawagoe"
405.699319730364,71.3602547407387,"Tokyo"
109.317746351317,71.365622457634,"Kawagoe"
372.867352612785,71.3676241953778,"Tokyo"
375.253281353549,71.3846355731759,"Tokyo"
253.716739587509,71.3885779436745,"Omiya"
383.745170526756,71.3953879475746,"Tokyo"
246.843538374469,71.3968379866908,"Omiya"
403.362396729588,71.414928123006,"Tokyo"
375.601662833418,71.4410074052125,"Tokyo"
255.450269222698,71.4602301619603,"Omiya"
101.563200185224,71.4962170292685,"Kawagoe"
372.198524432758,71.5141995601759,"Tokyo"
253.71564942792,71.5459692781736,"Omiya"
260.229269202688,71.590861981969,"Omiya"
412.982478614798,71.6050165862681,"Tokyo"
413.649366579168,71.6218052482166,"Tokyo"
246.533789704522,71.6594842581786,"Omiya"
243.791059267367,71.6929227799269,"Omiya"
416.383231967083,71.6986351562412,"Tokyo"
245.115477652447,71.7222158637882,"Omiya"
253.027616492858,71.7255519118728,"Omiya"
98.1727283069452,71.7347486437334,"Kawagoe"
248.926292383275,71.7360780455104,"Omiya"
374.412138422815,71.7375034953813,"Tokyo"
413.970943971135,71.7496238564342,"Tokyo"
111.861362809631,71.7625374243526,"Kawagoe"
246.237341690018,71.8072477217634,"Omiya"
251.779148028813,71.8164567927759,"Omiya"
242.258037719779,71.8202717934592,"Omiya"
242.354348229391,71.837813829513,"Omiya"
374.656219992285,71.8379472386535,"Tokyo"
245.42539162279,71.8619480441639,"Omiya"
112.742704824354,71.8635199503323,"Kawagoe"
379.581990273074,71.8831405053526,"Tokyo"
258.656405275246,71.8932456601746,"Omiya"
242.374431966645,71.9049332279789,"Omiya"
251.313173260564,71.9268417297266,"Omiya"
244.186483211837,71.9712853538202,"Omiya"
108.080332936979,72.0318818783257,"Kawagoe"
420.068356957163,72.1048051095765,"Tokyo"
260.429166419818,72.1247699229884,"Omiya"
409.134185201658,72.1540551745557,"Tokyo"
260.166707821184,72.1581153358714,"Omiya"
417.999324654168,72.1677202515362,"Tokyo"
394.822468502008,72.1825141117702,"Tokyo"
261.901689112039,72.2219277454917,"Omiya"
262.093544930923,72.2455453986448,"Omiya"
114.120448579036,72.2496726972067,"Kawagoe"
405.366922365318,72.3012042375456,"Tokyo"
252.838958156093,72.3154134499662,"Omiya"
258.282374767723,72.3473679900027,"Omiya"
412.544948522514,72.3561984734187,"Tokyo"
411.084833604778,72.3634471233816,"Tokyo"
115.931518590678,72.3705536224227,"Kawagoe"
417.690837494059,72.3725776516507,"Tokyo"
258.553611107453,72.3781501867151,"Omiya"
259.511655521214,72.420126907157,"Omiya"
262.386398718662,72.4223936303831,"Omiya"
260.243879079813,72.4571348468624,"Omiya"
422.353750683192,72.4767586968689,"Tokyo"
113.172101956481,72.4915422441227,"Kawagoe"
103.127819919447,72.5543839642468,"Kawagoe"
108.511843893644,72.5676714585256,"Kawagoe"
375.002631530965,72.5950307038966,"Tokyo"
102.737699377061,72.5965604357978,"Kawagoe"
246.037069656676,72.6233962749728,"Omiya"
396.487327843981,72.6333821919802,"Tokyo"
251.097247511226,72.6538090165925,"Omiya"
99.0941554050142,72.6729103161142,"Kawagoe"
260.239333896336,72.6736006657983,"Omiya"
258.455973070371,72.7018476818489,"Omiya"
246.412005824112,72.7097054847865,"Omiya"
245.417603107185,72.7204984445171,"Omiya"
263.629137987404,72.7561257971564,"Omiya"
414.700704466209,72.7720893712261,"Tokyo"
394.133384020736,72.7815345577756,"Tokyo"
104.93779764944,72.7848421159216,"Kawagoe"
116.610477816672,72.7903450829197,"Kawagoe"
113.38624836805,72.8278557268449,"Kawagoe"
247.461795122738,72.8356737072454,"Omiya"
109.29522038009,72.8539989115045,"Kawagoe"
376.149003046294,72.8754096879048,"Tokyo"
407.715707165346,72.8872300883701,"Tokyo"
250.976104613157,72.8917978192404,"Omiya"
258.733021906006,72.9220606547346,"Omiya"
246.404009029976,72.9242979886167,"Omiya"
264.440046114583,72.9462379479824,"Omiya"
425.393777652179,72.9508334617555,"Tokyo"
418.183195359127,72.9618628807463,"Tokyo"
106.666212430187,72.9641615561896,"Kawagoe"
259.957092971197,73.0150784481931,"Omiya"
250.446113300479,73.042845993161,"Omiya"
422.840524973056,73.0569329994454,"Tokyo"
400.812358188665,73.0584129946372,"Tokyo"
116.275328712238,73.0618055274577,"Kawagoe"
426.402313160754,73.091157606811,"Tokyo"
381.456112149755,73.0944321043158,"Tokyo"
253.494888873695,73.0946731511288,"Omiya"
377.419140507858,73.1115492787076,"Tokyo"
408.249655178751,73.1289735231553,"Tokyo"
421.899077729226,73.1734908867284,"Tokyo"
260.468582524283,73.1966208185784,"Omiya"
266.221809214053,73.2318266186003,"Omiya"
251.7629869884,73.2319880621808,"Omiya"
408.34666690661,73.2424457703335,"Tokyo"
397.308286281345,73.2664310059333,"Tokyo"
100.74338395807,73.2777396105669,"Kawagoe"
110.837920784408,73.2821611292768,"Kawagoe"
252.738081780401,73.3352899751357,"Omiya"
249.142009253101,73.3400400090563,"Omiya"
393.461262928607,73.3493534878245,"Tokyo"
263.584803033095,73.3528876364327,"Omiya"
110.723939538496,73.3657829156335,"Kawagoe"
261.316469953822,73.4029415288297,"Omiya"
255.118082728867,73.4058305793247,"Omiya"
422.399699263644,73.4140979031941,"Tokyo"
264.56099167916,73.4189956342083,"Omiya"
247.849654700746,73.4449082749097,"Omiya"
250.982892005228,73.4497168645497,"Omiya"
408.492574462845,73.4714416375031,"Tokyo"
406.802361177537,73.4720175765413,"Tokyo"
103.039808006986,73.4815044664041,"Kawagoe"
385.042952443874,73.4944122696009,"Tokyo"
427.972616061081,73.5071733643007,"Tokyo"
266.482163593283,73.5443726395173,"Omiya"
101.982159495443,73.5589151594142,"Kawagoe"
266.459449980435,73.5709547781065,"Omiya"
386.365908685585,73.5832318089525,"Tokyo"
256.045200595062,73.654004301713,"Omiya"
411.592003394531,73.6898977722055,"Tokyo"
414.4530962021,73.6956546723996,"Tokyo"
389.903531222317,73.7109245899543,"Tokyo"
254.987949717415,73.7115535253386,"Omiya"
396.654225739003,73.7439239003619,"Tokyo"
115.662977280353,73.7671699277294,"Kawagoe"
267.533467494996,73.7824688703146,"Omiya"
393.19475642509,73.8330947914435,"Tokyo"
265.071282299196,73.8401785056392,"Omiya"
403.013449642823,73.8540995025359,"Tokyo"
264.493760971127,73.8572670084977,"Omiya"
389.606155986908,73.8644898608345,"Tokyo"
255.633844263843,73.872784194135,"Omiya"
252.035034545388,73.8807026016574,"Omiya"
383.127675314186,73.9172433848804,"Tokyo"
398.776354763601,73.9208410018954,"Tokyo"
421.993922111656,73.9264938273524,"Tokyo"
259.530996965185,73.9804041521187,"Omiya"
262.250290384523,74.0022664110063,"Omiya"
263.141639566515,74.0169443638463,"Omiya"
101.356410960245,74.0644382365964,"Kawagoe"
265.703128988997,74.0718509371665,"Omiya"
262.922009083804,74.1080095455019,"Omiya"
250.224134142598,74.1523950182682,"Omiya"
267.536274480696,74.1592378041752,"Omiya"
414.636444253818,74.1690253902342,"Tokyo"
412.206750743771,74.1691628316468,"Tokyo"
394.171558019947,74.1889830809526,"Tokyo"
252.83341545075,74.2055054539118,"Omiya"
112.129092773008,74.2224788433285,"Kawagoe"
111.854809505089,74.2352820319226,"Kawagoe"
409.887319702051,74.3328077005478,"Tokyo"
253.488381413382,74.3328862548441,"Omiya"
407.336148671677,74.3341590181943,"Tokyo"
118.866308199319,74.3695048386124,"Kawagoe"
254.006849529273,74.3817919790892,"Omiya"
433.746172749453,74.3998866982955,"Tokyo"
405.902616482945,74.4061877529847,"Tokyo"
110.236833211337,74.4078294556121,"Kawagoe"
256.595222047071,74.4425579574243,"Omiya"
268.981157839295,74.452220130977,"Omiya"
253.08776041569,74.4575648331266,"Omiya"
250.785570515573,74.4723442351903,"Omiya"
262.517210553656,74.4735292747816,"Omiya"
408.24497593481,74.4758723979441,"Tokyo"
267.849437478126,74.4899429487695,"Omiya"
395.068795432972,74.5122214040434,"Tokyo"
387.083854519707,74.5257869372045,"Tokyo"
423.496301473492,74.5743444890294,"Tokyo"
258.508487048448,74.5797125031588,"Omiya"
112.404556854143,74.5953801227605,"Kawagoe"
103.168103855515,74.6049984156106,"Kawagoe"
255.92704203266,74.606700648174,"Omiya"
413.686246343814,74.6134722225064,"Tokyo"
407.82970322773,74.6170630213079,"Tokyo"
390.153232951224,74.6305777798904,"Tokyo"
269.292118311446,74.6729406540298,"Omiya"
407.412433920455,74.6894807606476,"Tokyo"
251.794425805923,74.7475200513338,"Omiya"
412.938526566299,74.7534536253102,"Tokyo"
434.966157486952,74.7600506789324,"Tokyo"
396.121402516751,74.7825650098267,"Tokyo"
265.187709294583,74.7984457296312,"Omiya"
252.910805041961,74.8380195988245,"Omiya"
109.455657371604,74.8420515056113,"Kawagoe"
391.998200639872,74.8420538270293,"Tokyo"
398.598851418257,74.8438185044724,"Tokyo"
413.926596178729,74.8560446709158,"Tokyo"
270.01305554023,74.8605940995418,"Omiya"
263.903565784891,74.8707763906497,"Omiya"
413.406214478503,74.8854105571765,"Tokyo"
391.211061552664,74.8904067896871,"Tokyo"
423.581109867044,74.8966395000816,"Tokyo"
388.844988525587,74.9052131138273,"Tokyo"
110.669510346025,74.9408735025228,"Kawagoe"
404.925375903337,74.9739900496085,"Tokyo"
270.183594138224,75.0124302306485,"Omiya"
103.885444042123,75.0337387545896,"Kawagoe"
255.955719026408,75.0359243515472,"Omiya"
264.397348344121,75.0411379554921,"Omiya"
434.275988461408,75.0791073598907,"Tokyo"
108.094756484518,75.0835416512704,"Kawagoe"
253.253166872325,75.0835758184924,"Omiya"
272.030219412845,75.0995668304466,"Omiya"
269.409107265725,75.137917086139,"Omiya"
264.104018212296,75.1500062061739,"Omiya"
263.976100195346,75.1658380141102,"Omiya"
120.272008049204,75.1707086084378,"Kawagoe"
265.013159149941,75.1919889236296,"Omiya"
266.560171993543,75.1923381822184,"Omiya"
256.125004360074,75.2029852485532,"Omiya"
254.478312243108,75.2217988833138,"Omiya"
108.559912173112,75.2223717638833,"Kawagoe"
255.903055942071,75.2734468396788,"Omiya"
259.436723818569,75.2783667869691,"Omiya"
437.497748405171,75.2785613791612,"Tokyo"
389.802660328508,75.3130567050428,"Tokyo"
260.211074485702,75.3343109835145,"Omiya"
428.723594463044,75.3725605463245,"Tokyo"
435.521519508807,75.3868005849993,"Tokyo"
437.527732963545,75.4363537013127,"Tokyo"
431.918976440067,75.4396078274958,"Tokyo"
265.297204521327,75.469017316143,"Omiya"
400.567333057125,75.499160497885,"Tokyo"
431.265952576084,75.5273615239768,"Tokyo"
105.115928131757,75.5563689728858,"Kawagoe"
398.336238185683,75.5658293701359,"Tokyo"
258.473356127693,75.5748667977618,"Omiya"
270.403148897022,75.5774133272022,"Omiya"
260.016554340083,75.5794739290314,"Omiya"
114.856577884828,75.6036582287732,"Kawagoe"
422.259788781355,75.6052402433087,"Tokyo"
434.218691697045,75.6212302399256,"Tokyo"
404.56051998061,75.6306506532276,"Tokyo"
264.137794057439,75.6318321780358,"Omiya"
262.664964650395,75.657304860548,"Omiya"
412.259189672888,75.67633346064,"Tokyo"
261.830636056168,75.6860358156344,"Omiya"
267.728984530254,75.6939416251498,"Omiya"
427.376140433742,75.7402560167194,"Tokyo"
423.512241358985,75.7451889101966,"Tokyo"
405.291764203805,75.7636633212037,"Tokyo"
425.064226551561,75.7785989474713,"Tokyo"
406.639059153332,75.7812586058341,"Tokyo"
438.250493997951,75.7875149530716,"Tokyo"
259.140513618173,75.7915574351255,"Omiya"
397.098131793646,75.7990669779314,"Tokyo"
114.447377406003,75.8075823094313,"Kawagoe"
268.746523595298,75.8198161420212,"Omiya"
416.553119855103,75.8257988046361,"Tokyo"
118.287391882821,75.8335456975198,"Kawagoe"
440.4794598123,75.8461848262688,"Tokyo"
432.739749484289,75.8540725108682,"Tokyo"
273.363458977224,75.8609190722005,"Omiya"
258.999816731715,75.8993611825836,"Omiya"
268.266375435495,75.9012862821714,"Omiya"
405.828516838226,75.9469857017919,"Tokyo"
258.350613435296,75.9705621181144,"Omiya"
118.60277363094,75.9894626897728,"Kawagoe"
423.205041916682,75.9909720513318,"Tokyo"
411.54735600344,76.0005821088686,"Tokyo"
269.184946410233,76.0007482027012,"Omiya"
259.164387348838,76.0110047999194,"Omiya"
400.033722271865,76.0187493935569,"Tokyo"
109.621234612407,76.0268755237621,"Kawagoe"
111.894759167667,76.0396568692797,"Kawagoe"
396.694290470174,76.0736275519042,"Tokyo"
414.063465126419,76.075836507536,"Tokyo"
416.223464396302,76.1247306643028,"Tokyo"
275.241703506812,76.134615292845,"Omiya"
395.895346704604,76.1515045510967,"Tokyo"
274.044366036403,76.1570299270034,"Omiya"
439.546930262826,76.175235659986,"Tokyo"
396.285749938311,76.1786113241637,"Tokyo"
441.375563433493,76.1902696559047,"Tokyo"
273.695186442937,76.203116459575,"Omiya"
116.932712052764,76.2409732023883,"Kawagoe"
426.930413925199,76.2438380657472,"Tokyo"
420.013175251414,76.2938374058233,"Tokyo"
114.133210986266,76.3111945107393,"Kawagoe"
396.921912275912,76.3527333563204,"Tokyo"
119.229892688879,76.3691781219597,"Kawagoe"
267.260283261303,76.4015889850973,"Omiya"
412.418975178991,76.4135093192656,"Tokyo"
422.831693107225,76.4220040421865,"Tokyo"
437.26110080263,76.4295533388453,"Tokyo"
415.386515576651,76.4733716380322,"Tokyo"
432.016945779112,76.4876357677262,"Tokyo"
265.974667860599,76.5214655033268,"Omiya"
266.888518327896,76.5278520432572,"Omiya"
419.19122403207,76.5366632422749,"Tokyo"
422.595705363169,76.5625077094402,"Tokyo"
432.28944915208,76.6123946910233,"Tokyo"
108.730138977558,76.6357590255246,"Kawagoe"
122.90806286813,76.6379876145056,"Kawagoe"
441.884721163208,76.6615905184323,"Tokyo"
399.535499012927,76.6631643373164,"Tokyo"
273.083214354991,76.6653670251663,"Omiya"
275.680945875579,76.6685307455622,"Omiya"
411.674629898479,76.7090342941809,"Tokyo"
111.477252699107,76.7459140889642,"Kawagoe"
271.487216060958,76.7618346456372,"Omiya"
124.494139472854,76.7688271433691,"Kawagoe"
418.272725833965,76.7764764992713,"Tokyo"
105.876047235697,76.8003066764322,"Kawagoe"
400.134049241253,76.8073302527396,"Tokyo"
270.301388727605,76.847760681891,"Omiya"
109.04553524909,76.8587581424748,"Kawagoe"
279.037138353589,76.8683968256955,"Omiya"
401.234324716612,76.878560928818,"Tokyo"
419.044489408977,76.8813596543336,"Tokyo"
406.020562855993,76.8836693275213,"Tokyo"
123.334942833862,76.8849403295459,"Kawagoe"
110.934734897996,76.9411216485817,"Kawagoe"
261.104023670142,76.9829565151773,"Omiya"
412.846398648209,76.9854896581408,"Tokyo"
109.789435017855,77.0551601002622,"Kawagoe"
414.413032347368,77.0613724373508,"Tokyo"
116.364521893594,77.0955247257625,"Kawagoe"
109.844872113583,77.1142614914013,"Kawagoe"
447.661234690525,77.1218890020618,"Tokyo"
118.11591825867,77.1265180219578,"Kawagoe"
105.966245168302,77.1273653547244,"Kawagoe"
441.253912146218,77.1332543491497,"Tokyo"
270.559049449864,77.1555561495156,"Omiya"
260.270207208353,77.1875281381168,"Omiya"
265.115611573507,77.1970833323931,"Omiya"
441.425266553265,77.219461794619,"Tokyo"
270.53966604228,77.3069819610005,"Omiya"
415.234083466383,77.3268185163362,"Tokyo"
424.807590437614,77.3619395626588,"Tokyo"
439.923836309428,77.3641579987587,"Tokyo"
273.308131474479,77.3757064857225,"Omiya"
122.27361241151,77.3899044238056,"Kawagoe"
446.019579462441,77.3912651725476,"Tokyo"
261.530214026857,77.4049249545027,"Omiya"
122.000466542664,77.4374926303644,"Kawagoe"
261.328561709402,77.4614697064537,"Omiya"
402.272619893607,77.4784767712078,"Tokyo"
446.983058638499,77.4827964696357,"Tokyo"
269.573680671868,77.4996128710266,"Omiya"
273.676279004953,77.5240672271462,"Omiya"
273.562247093467,77.5788937473612,"Omiya"
264.204782778287,77.6934128334163,"Omiya"
443.199278895671,77.6948056487575,"Tokyo"
274.068548801626,77.7340429199836,"Omiya"
447.827497926346,77.7365981492452,"Tokyo"
434.352682630382,77.7486921849981,"Tokyo"
410.000529138749,77.7749465119611,"Tokyo"
421.550528380432,77.7874449418465,"Tokyo"
428.968992755825,77.8211000961476,"Tokyo"
438.655356070714,77.8285714919997,"Tokyo"
275.488672746402,77.8318949259447,"Omiya"
121.816376361222,77.8757503518024,"Kawagoe"
275.471819507521,77.877751452743,"Omiya"
418.706042605021,77.878623698167,"Tokyo"
276.019322506945,77.8817919223573,"Omiya"
271.544138963275,77.8825959568408,"Omiya"
447.451509477683,77.9000390025738,"Tokyo"
126.554530744745,77.9339815162908,"Kawagoe"
432.869005081013,77.9407241328793,"Tokyo"
424.145813034056,77.9573958310637,"Tokyo"
267.851307465627,78.0290279614412,"Omiya"
113.700594048269,78.0514967089344,"Kawagoe"
442.99335565952,78.0623401833925,"Tokyo"
269.218470593699,78.1267213448267,"Omiya"
277.980838968013,78.1283416387663,"Omiya"
121.775122542046,78.1478985157608,"Kawagoe"
269.39348346845,78.1654915767395,"Omiya"
408.253498071702,78.1975300684385,"Tokyo"
272.023382707581,78.2673500502451,"Omiya"
278.008644208938,78.2695197941128,"Omiya"
277.655285245133,78.275762380593,"Omiya"
407.24636108993,78.308215785867,"Tokyo"
264.210525165447,78.3107570588442,"Omiya"
122.741209894361,78.3274533363293,"Kawagoe"
126.30275626275,78.3363661019704,"Kawagoe"
282.425955421486,78.343262291702,"Omiya"
274.955341174667,78.3697770845756,"Omiya"
265.57375960868,78.3852665575385,"Omiya"
124.714149709378,78.4244630687914,"Kawagoe"
415.109792269161,78.4433794544587,"Tokyo"
124.263568267946,78.4620204001498,"Kawagoe"
413.650090154225,78.4826545827873,"Tokyo"
415.611822822919,78.4857687606131,"Tokyo"
439.140981229453,78.5200603206324,"Tokyo"
417.248589000942,78.5228165675628,"Tokyo"
268.692161822326,78.5235914214401,"Omiya"
442.599713051107,78.5284379126118,"Tokyo"
422.359816535809,78.5351668639387,"Tokyo"
114.23382749381,78.57875450558,"Kawagoe"
117.602771512668,78.5823480638785,"Kawagoe"
121.181795598331,78.6110676057309,"Kawagoe"
414.410336536768,78.6263017745761,"Tokyo"
450.452934700104,78.6616201416915,"Tokyo"
433.524943016213,78.7002266386734,"Tokyo"
109.79227594495,78.7127152732526,"Kawagoe"
432.797110233475,78.7426736906882,"Tokyo"
440.430352862287,78.7792858671593,"Tokyo"
125.316789401016,78.7797239200963,"Kawagoe"
121.552606716443,78.8427595003623,"Kawagoe"
436.140415675579,78.858577019385,"Tokyo"
456.365840839025,78.8616457748799,"Tokyo"
281.600603812074,78.8728794473297,"Omiya"
124.529899392247,78.9365047253469,"Kawagoe"
416.397184049558,78.9499752240147,"Tokyo"
281.762056649418,78.9652500529741,"Omiya"
279.898855556985,79.0101872361316,"Omiya"
279.214754988344,79.0160372983391,"Omiya"
115.467068765343,79.0205615094754,"Kawagoe"
116.132888503894,79.0242158053814,"Kawagoe"
279.227956581438,79.049761809288,"Omiya"
125.304299801952,79.0578834770813,"Kawagoe"
455.618147742958,79.0955280449115,"Tokyo"
445.881306276114,79.1134145514561,"Tokyo"
115.51161648446,79.1375479643621,"Kawagoe"
283.717872583465,79.1691800124862,"Omiya"
110.154210605255,79.2492728255483,"Kawagoe"
434.179981082,79.3337279708501,"Tokyo"
429.75184894841,79.3522575289753,"Tokyo"
117.006603284802,79.3834354052122,"Kawagoe"
432.455783211117,79.394241200498,"Tokyo"
422.643253534779,79.3985244207132,"Tokyo"
269.747587539007,79.4189221648056,"Omiya"
110.650607062892,79.4231868500619,"Kawagoe"
115.023395659953,79.4458412587592,"Kawagoe"
420.212763977349,79.448503642956,"Tokyo"
287.504556792641,79.5174375838579,"Omiya"
112.601260414255,79.5207190401237,"Kawagoe"
273.147742164981,79.5337320129009,"Omiya"
120.110755126917,79.5522491335829,"Kawagoe"
113.938974450661,79.560313635408,"Kawagoe"
414.631992975393,79.5636067867369,"Tokyo"
119.898854293767,79.593646172372,"Kawagoe"
421.169582532732,79.6024030666314,"Tokyo"
435.39064217211,79.6147587249246,"Tokyo"
118.087665236136,79.6949113176204,"Kawagoe"
272.178159403443,79.7114472944863,"Omiya"
117.844193837193,79.7453985509504,"Kawagoe"
128.68526660542,79.7719410973475,"Kawagoe"
435.09943638353,79.7723331922705,"Tokyo"
274.302017563053,79.8048400772556,"Omiya"
129.199245726685,79.8111572836802,"Kawagoe"
279.502615417354,79.8135394845158,"Omiya"
270.672254617667,79.8138932522828,"Omiya"
425.417600838323,79.8171431119714,"Tokyo"
277.700238697639,79.8507780300822,"Omiya"
118.368245639821,79.8693216666463,"Kawagoe"
128.657136828564,79.8848837110647,"Kawagoe"
289.514642864446,79.8899661334442,"Omiya"
125.673526536158,79.8961263904017,"Kawagoe"
421.650113791343,79.9231106071858,"Tokyo"
272.7851198293,79.9308934383549,"Omiya"
447.079319140353,79.9374864743922,"Tokyo"
128.806751758191,79.9866861082335,"Kawagoe"
451.690096706721,80.0210559098239,"Tokyo"
440.672901655338,80.0427734552587,"Tokyo"
274.167693711966,80.0652448402345,"Omiya"
273.424680971512,80.0704331025401,"Omiya"
432.175987420626,80.1204907808663,"Tokyo"
456.393657173614,80.1595776071986,"Tokyo"
116.203961416645,80.2109068803077,"Kawagoe"
111.257342433366,80.2262662430576,"Kawagoe"
116.591235532324,80.2534588599525,"Kawagoe"
274.79453889762,80.2666888162946,"Omiya"
115.338799762307,80.2798613718091,"Kawagoe"
440.380349048024,80.3661771674187,"Tokyo"
455.096449684276,80.4275112891093,"Tokyo"
273.710690556873,80.4687023407211,"Omiya"
442.824859143979,80.5193312520838,"Tokyo"
455.32606401869,80.5509452296029,"Tokyo"
116.50090927279,80.593456520528,"Kawagoe"
464.981529570687,80.6004230356419,"Tokyo"
463.802224651011,80.7004340982799,"Tokyo"
451.166935427337,80.7205085069854,"Tokyo"
462.011244977315,80.7245250288317,"Tokyo"
291.95010354352,80.7340853902933,"Omiya"
426.290704351197,80.7613535076039,"Tokyo"
119.476360875531,80.8016106091285,"Kawagoe"
445.492015579249,80.8159857963803,"Tokyo"
117.866742215632,80.8354986431394,"Kawagoe"
275.979761985546,80.9447142538871,"Omiya"
439.543076322766,80.9467000882357,"Tokyo"
423.191452674815,80.9484826733215,"Tokyo"
455.854300865369,80.979689509426,"Tokyo"
111.640407159035,80.9835206065609,"Kawagoe"
125.536343798824,81.0061587013554,"Kawagoe"
129.998433994948,81.0518081951134,"Kawagoe"
283.064211423996,81.0945709085687,"Omiya"
462.062734242079,81.1275956483417,"Tokyo"
286.270382633053,81.1543841156023,"Omiya"
289.814567968182,81.1998608074891,"Omiya"
122.894795063921,81.237049324463,"Kawagoe"
454.271239385906,81.2512570473895,"Tokyo"
469.945706326635,81.2541870344649,"Tokyo"
123.474431372194,81.2709714372592,"Kawagoe"
128.818266161977,81.2966032781196,"Kawagoe"
129.044246433647,81.317394998154,"Kawagoe"
122.755989295805,81.3325788474347,"Kawagoe"
292.259720560683,81.3513446363909,"Omiya"
294.251539506897,81.3553187277551,"Omiya"
114.971172067739,81.3553406164251,"Kawagoe"
128.398367357425,81.3668788193311,"Kawagoe"
281.240496735864,81.3853250770782,"Omiya"
429.680023050197,81.3918396299334,"Tokyo"
288.98019441182,81.4212904704528,"Omiya"
126.55016166738,81.4621255989049,"Kawagoe"
278.9597849407,81.5296590633891,"Omiya"
290.316113283981,81.5343687348421,"Omiya"
277.799449913771,81.5491252689512,"Omiya"
291.134330386938,81.5683520515289,"Omiya"
439.695130094745,81.698888312407,"Tokyo"
284.429650058,81.7176806841469,"Omiya"
125.560357588713,81.7298546615969,"Kawagoe"
125.971659137677,81.7490788641047,"Kawagoe"
445.806168592178,81.7755421309676,"Tokyo"
282.648925442393,81.788543931383,"Omiya"
115.873920987007,81.8049312628931,"Kawagoe"
287.377549641465,81.8392047136164,"Omiya"
467.267613343889,81.8487505149934,"Tokyo"
284.050698465862,81.8588617016186,"Omiya"
288.582457249267,81.8771860006745,"Omiya"
449.334938426893,81.9689787011457,"Tokyo"
128.095669512954,82.0000284906106,"Kawagoe"
292.669212714863,82.0027152459805,"Omiya"
283.391544686305,82.129586890513,"Omiya"
467.239025516606,82.1688754551254,"Tokyo"
115.612046526365,82.1749249557605,"Kawagoe"
286.128435467704,82.2211131513009,"Omiya"
289.037743110824,82.2586483768213,"Omiya"
455.107490011699,82.2888014230578,"Tokyo"
451.343095887727,82.3352657285257,"Tokyo"
290.016392527313,82.4444280397618,"Omiya"
292.782558510722,82.4489237157067,"Omiya"
133.212178099244,82.5229071430209,"Kawagoe"
129.00708149944,82.5302293729814,"Kawagoe"
450.92052863394,82.5435427897104,"Tokyo"
287.729336976333,82.5558359889787,"Omiya"
467.505505912378,82.5674583095548,"Tokyo"
284.797882399487,82.5788786698566,"Omiya"
429.346397028597,82.5862408147133,"Tokyo"
117.483627227021,82.5968807463087,"Kawagoe"
298.576124820028,82.6534032135427,"Omiya"
294.170042158853,82.6944149388809,"Omiya"
430.80718944569,82.7170262028935,"Tokyo"
290.234168264662,82.725852294059,"Omiya"
287.716196778689,82.7753418759823,"Omiya"
295.695051772124,82.7928071223134,"Omiya"
437.239790782162,82.7941267357151,"Tokyo"
437.225461261893,82.8128912316104,"Tokyo"
464.583429088049,82.8175612427593,"Tokyo"
290.364221180384,82.9286281510563,"Omiya"
286.221985876984,82.9710647089819,"Omiya"
293.260891617841,83.02901983091,"Omiya"
290.34889928027,83.0519969427663,"Omiya"
293.140247616768,83.0643765744992,"Omiya"
293.267212755126,83.2501755104227,"Omiya"
130.683189041149,83.2666040380675,"Kawagoe"
437.562451421359,83.3418492995001,"Tokyo"
290.703999443806,83.401282744186,"Omiya"
469.667928424986,83.4141408396115,"Tokyo"
116.202491615777,83.4651339587254,"Kawagoe"
475.424150749828,83.5195208687625,"Tokyo"
476.921509851369,83.5533244649868,"Tokyo"
125.498618247531,83.5569155226048,"Kawagoe"
122.887044284505,83.6372402006224,"Kawagoe"
440.573193382157,83.6407786836613,"Tokyo"
299.197128218262,83.6411376746208,"Omiya"
290.865394628708,83.7154921282904,"Omiya"
117.876713563758,83.72795876679,"Kawagoe"
135.013441454399,83.7547566224908,"Kawagoe"
301.712971684889,83.7629600258793,"Omiya"
134.325177647399,83.9676582324272,"Kawagoe"
132.990315790457,84.0199480523548,"Kawagoe"
473.511507154099,84.0867725627042,"Tokyo"
294.650594779835,84.0872912738432,"Omiya"
285.621219776658,84.0874039065342,"Omiya"
124.667519098037,84.0922541729364,"Kawagoe"
291.008865943389,84.1068680712755,"Omiya"
485.112299577475,84.1506888972515,"Tokyo"
129.313566146211,84.1925205922234,"Kawagoe"
468.564656151679,84.1999449357791,"Tokyo"
449.464092026578,84.2626241747158,"Tokyo"
131.398642292969,84.2689638844234,"Kawagoe"
129.103788815164,84.2733057667225,"Kawagoe"
119.560539502498,84.3014574447249,"Kawagoe"
478.969759530887,84.3116636412617,"Tokyo"
298.958681792337,84.332073321124,"Omiya"
289.56631828507,84.4521618300187,"Omiya"
118.885634973661,84.5411197959243,"Kawagoe"
454.587554104173,84.5462087455483,"Tokyo"
443.681693704237,84.5780760639765,"Tokyo"
293.067332213641,84.579205545168,"Omiya"
117.374045699927,84.5850113997227,"Kawagoe"
292.961094469525,84.6290485033351,"Omiya"
489.370820648135,84.6603797791196,"Tokyo"
303.814522740922,84.6671019495935,"Omiya"
292.301883684296,84.697265748949,"Omiya"
300.138026469103,84.7457536303824,"Omiya"
127.252707811788,84.8366214488746,"Kawagoe"
489.727886606072,85.1582439367522,"Tokyo"
307.979906990118,85.2299465124415,"Omiya"
294.765841615681,85.2432957675617,"Omiya"
453.403376390267,85.2482884653326,"Tokyo"
121.13256113212,85.261867025118,"Kawagoe"
306.284111079625,85.326649194811,"Omiya"
473.904829624611,85.3690901328452,"Tokyo"
479.908212140644,85.3983460259156,"Tokyo"
493.24851142625,85.400428048353,"Tokyo"
298.119902832619,85.4209133485596,"Omiya"
125.211794252689,85.4445259100419,"Kawagoe"
492.001193418673,85.4932920023534,"Tokyo"
135.248950367981,85.5034782626982,"Kawagoe"
477.329950723582,85.5499126655928,"Tokyo"
120.150197280117,85.5901012392792,"Kawagoe"
495.897352212987,85.6358471401787,"Tokyo"
136.932065166855,85.6483669370073,"Kawagoe"
466.311966505075,85.668826212122,"Tokyo"
132.967369159243,85.725795635039,"Kawagoe"
120.152722281916,85.7311589528804,"Kawagoe"
135.943266678935,85.79707544878,"Kawagoe"
121.295567992751,85.8316706367165,"Kawagoe"
137.930028618956,85.8729027358756,"Kawagoe"
121.169038100123,85.8849082495717,"Kawagoe"
299.055510742517,85.9412910155745,"Omiya"
129.284456037999,86.0997857781061,"Kawagoe"
294.697330400315,86.1906754962473,"Omiya"
122.920845177232,86.2180705605834,"Kawagoe"
471.008071777721,86.2995750879247,"Tokyo"
133.323642757723,86.3051380167418,"Kawagoe"
462.117162403867,86.3153853409216,"Tokyo"
133.410360326858,86.384697362692,"Kawagoe"
298.929626271568,86.4190545200429,"Omiya"
137.33968849791,86.4278048744661,"Kawagoe"
490.847634188138,86.5220401629561,"Tokyo"
301.559664376328,86.5344078206234,"Omiya"
138.424218167272,86.5903357451787,"Kawagoe"
311.753694553988,86.6180271919121,"Omiya"
128.539648823599,86.6273097254156,"Kawagoe"
311.836774487566,86.7022286764095,"Omiya"
296.846434253549,86.7672377966616,"Omiya"
464.439757206694,86.9252614027115,"Tokyo"
485.993343022127,86.942202782163,"Tokyo"
313.167938355697,86.9590486954275,"Omiya"
138.112678337066,87.0462437099259,"Kawagoe"
131.001395256554,87.1984722274771,"Kawagoe"
133.587420636318,87.2425669260916,"Kawagoe"
126.731546384825,87.2830465644493,"Kawagoe"
138.132408042501,87.2860171273769,"Kawagoe"
133.256106570977,87.2900511781741,"Kawagoe"
128.202443650471,87.2941341695151,"Kawagoe"
460.340584170649,87.3108513921869,"Tokyo"
130.062205356939,87.3334671795505,"Kawagoe"
131.693394402559,87.3636550174129,"Kawagoe"
493.313098902619,87.3659270000712,"Tokyo"
140.565205576059,87.3879775505345,"Kawagoe"
136.196813491279,87.3898919927042,"Kawagoe"
135.224223418537,87.4180294029439,"Kawagoe"
136.572413518775,87.4469115459244,"Kawagoe"
123.996400030248,87.4910021901825,"Kawagoe"
466.742117648407,87.5038709963796,"Tokyo"
471.602853776884,87.6085442733013,"Tokyo"
503.368782094019,87.644510520248,"Tokyo"
306.887129122847,87.6688064213014,"Omiya"
132.498057890138,87.675305241976,"Kawagoe"
134.271541879581,87.7197841176599,"Kawagoe"
316.665111743022,87.7551925395525,"Omiya"
132.959938535656,87.7919177227984,"Kawagoe"
127.803789850141,87.7941794152079,"Kawagoe"
126.79944425031,87.8442899085047,"Kawagoe"
126.731184316938,87.9039941145412,"Kawagoe"
313.243347646096,87.9274251132101,"Omiya"
495.773450597997,88.252742230531,"Tokyo"
303.0051137274,88.2909273914955,"Omiya"
309.229066128454,88.2933688439382,"Omiya"
471.30098077883,88.3995278132148,"Tokyo"
138.233634137086,88.4207672293631,"Kawagoe"
136.766705337839,88.4374748772143,"Kawagoe"
142.227255984769,88.4714545828606,"Kawagoe"
128.155375201648,88.6667351172749,"Kawagoe"
506.5698348973,88.7247124358344,"Tokyo"
490.817097292446,88.7814825459428,"Tokyo"
490.714449633041,88.7898514554645,"Tokyo"
316.690680522012,88.7898815523052,"Omiya"
134.160789922603,88.8560289211428,"Kawagoe"
128.690974684705,88.8592987664621,"Kawagoe"
140.92842965509,88.8945929590066,"Kawagoe"
320.051499095237,88.9102932564527,"Omiya"
314.135133757268,88.9215954188292,"Omiya"
134.544819350607,88.925782280211,"Kawagoe"
129.239690287587,88.9301097843723,"Kawagoe"
130.875793380901,88.9354874052451,"Kawagoe"
472.411251103418,88.9723083216707,"Tokyo"
304.087388182304,88.9777502011143,"Omiya"
128.422225900765,89.0663109880114,"Kawagoe"
475.617821038078,89.1851357990083,"Tokyo"
138.978022271561,89.255726008228,"Kawagoe"
507.405429885078,89.2723591286703,"Tokyo"
134.673628106364,89.299732438987,"Kawagoe"
142.927809748084,89.3296489952955,"Kawagoe"
134.023511014968,89.4337083902807,"Kawagoe"
138.972161695337,89.4998095271328,"Kawagoe"
133.17801682885,89.5192044610233,"Kawagoe"
130.623281095673,89.5833805082571,"Kawagoe"
130.465966680827,89.603905344875,"Kawagoe"
139.333370800698,89.6506445188134,"Kawagoe"
478.346088659158,89.6532281052407,"Tokyo"
476.352178983291,89.6571477816514,"Tokyo"
136.875693540467,89.6791183783399,"Kawagoe"
130.407322006077,89.6802497212843,"Kawagoe"
144.377343481187,89.7007321931198,"Kawagoe"
129.100754264246,89.7081160070171,"Kawagoe"
479.394820230958,89.7739738147098,"Tokyo"
132.300067890513,89.8109985280059,"Kawagoe"
142.909890234648,89.8332244984746,"Kawagoe"
496.170129799134,89.8739757964284,"Tokyo"
313.907822341576,89.8910483821458,"Omiya"
141.320801663535,89.9136548690164,"Kawagoe"
140.215496445023,89.9234587425644,"Kawagoe"
314.755068294222,89.9467426255034,"Omiya"
132.309236585799,89.9611632176259,"Kawagoe"
138.802289981647,90.0599027706127,"Kawagoe"
324.66417654052,90.0722151039635,"Omiya"
127.524748211409,90.0807298562544,"Kawagoe"
131.500131604535,90.1091753941613,"Kawagoe"
134.960571308368,90.1942533097719,"Kawagoe"
128.267511507236,90.2206552871323,"Kawagoe"
132.275181437335,90.3250838638934,"Kawagoe"
474.106378983582,90.3281959328066,"Tokyo"
308.558688328179,90.3621728190212,"Omiya"
317.612069728062,90.5707164386086,"Omiya"
135.967544932258,90.6035252724868,"Kawagoe"
130.6419008808,90.6165413574487,"Kawagoe"
136.040891923561,90.6235743143853,"Kawagoe"
140.353185571346,90.6673887121106,"Kawagoe"
145.052008103542,90.710130862246,"Kawagoe"
137.460085021812,90.8213882977239,"Kawagoe"
521.873952656338,90.9167484652599,"Tokyo"
143.615541333223,90.9355881225831,"Kawagoe"
134.861745069542,90.999840770409,"Kawagoe"
144.238084562818,91.2446475890446,"Kawagoe"
134.542643060389,91.4119115195194,"Kawagoe"
509.922096829389,91.4412214691653,"Tokyo"
483.51796493388,91.471329361856,"Tokyo"
137.396768244592,91.5864111834847,"Kawagoe"
146.558202944147,91.5934477506889,"Kawagoe"
142.044243793373,91.6231541952724,"Kawagoe"
141.7533928527,91.6718779596476,"Kawagoe"
129.902608741141,91.7128569676671,"Kawagoe"
136.296188153017,91.7932889248357,"Kawagoe"
132.821557790539,91.897949401621,"Kawagoe"
142.850303933954,91.9239695680624,"Kawagoe"
142.470043503092,92.3423266574548,"Kawagoe"
135.612132195534,92.5165660680345,"Kawagoe"
142.180499183808,92.5878290806292,"Kawagoe"
515.747661683076,92.5908205000888,"Tokyo"
500.198618166108,92.6578843639242,"Tokyo"
145.736357224109,92.735147739407,"Kawagoe"
132.486435711452,92.7838383031842,"Kawagoe"
132.849728326324,92.7890645501589,"Kawagoe"
132.862755190067,92.8826039249998,"Kawagoe"
320.328611602125,92.9657161970365,"Omiya"
142.626487906183,92.9817601138716,"Kawagoe"
137.419272388238,93.1038988641772,"Kawagoe"
140.421750224802,93.2181849676194,"Kawagoe"
135.082809563047,93.2978137962957,"Kawagoe"
136.387859692211,93.3592388514245,"Kawagoe"
147.70720711476,93.5484932396241,"Kawagoe"
144.910688009918,93.6332538667221,"Kawagoe"
149.728105843645,93.6624713475631,"Kawagoe"
148.197937806541,93.6705392465207,"Kawagoe"
147.087218260417,93.6750139029238,"Kawagoe"
334.800665712752,93.7089627898229,"Omiya"
332.211208934536,93.7199134312075,"Omiya"
133.742623872212,93.7872071583411,"Kawagoe"
141.057735893193,93.7922129794129,"Kawagoe"
150.586553279415,93.8648969854616,"Kawagoe"
144.842307248366,93.89735390881,"Kawagoe"
133.695284409765,93.9829533778997,"Kawagoe"
144.443212895253,94.0635620793757,"Kawagoe"
133.105106697622,94.0898210612559,"Kawagoe"
144.279139101151,94.3011203585937,"Kawagoe"
141.336642195123,94.3147749569431,"Kawagoe"
151.053659536376,94.3729924301699,"Kawagoe"
134.026373771402,94.4577817043982,"Kawagoe"
142.457587164286,94.4680913596225,"Kawagoe"
132.970962125608,94.6153442727929,"Kawagoe"
135.092543436178,94.6316514524081,"Kawagoe"
137.433140272377,94.6774746906692,"Kawagoe"
140.678231686623,94.695378469483,"Kawagoe"
135.222263272969,94.6987845078894,"Kawagoe"
143.605150061112,94.8914110116734,"Kawagoe"
133.902565462631,94.8931099959496,"Kawagoe"
133.552927432641,95.044639996603,"Kawagoe"
142.853227756236,95.0599801542039,"Kawagoe"
144.488152454089,95.1307461239669,"Kawagoe"
142.7134132142,95.2984669207786,"Kawagoe"
147.029502691663,95.304779625783,"Kawagoe"
144.980874465738,95.4333501923561,"Kawagoe"
531.168528318281,95.5256241708768,"Tokyo"
141.77586388002,95.5931982377598,"Kawagoe"
141.288466770897,95.6659952059057,"Kawagoe"
138.269492789241,95.7080697461181,"Kawagoe"
341.435197315051,95.7646746209324,"Omiya"
527.486841194471,95.8941915496082,"Tokyo"
152.055743308715,95.9649114310588,"Kawagoe"
139.454767974577,95.9992502198362,"Kawagoe"
143.305011765129,96.0088478687101,"Kawagoe"
147.059741480459,96.0150050646292,"Kawagoe"
146.888665956644,96.1024653285826,"Kawagoe"
145.161360603263,96.2081120215788,"Kawagoe"
143.362457159259,96.2247829935853,"Kawagoe"
328.551139824013,96.256325164255,"Omiya"
150.730889059391,96.2823496086974,"Kawagoe"
142.057748421535,96.2927395157961,"Kawagoe"
147.497439732049,96.2929663206266,"Kawagoe"
546.567684765963,96.33521179077,"Tokyo"
134.787130956939,96.3885737554671,"Kawagoe"
138.726489525451,96.4409642419309,"Kawagoe"
154.798523737,96.5589444059093,"Kawagoe"
153.830846534917,96.6273323451887,"Kawagoe"
148.88109735815,96.704447270347,"Kawagoe"
145.088259604471,96.7865423539592,"Kawagoe"
152.514556925171,96.8908919017669,"Kawagoe"
145.928299019256,96.8923839443386,"Kawagoe"
150.410924102327,96.8927368739983,"Kawagoe"
146.198049816364,96.9809076904415,"Kawagoe"
142.562621453184,96.9974047338984,"Kawagoe"
155.115627346439,97.1105731544828,"Kawagoe"
154.89426855561,97.285037053778,"Kawagoe"
155.08789889985,97.3626442284959,"Kawagoe"
149.3210196685,97.7194458186594,"Kawagoe"
150.002480675956,97.7603478795078,"Kawagoe"
150.289523487755,97.7893484587676,"Kawagoe"
153.220894011146,97.8169654250388,"Kawagoe"
155.565654703943,97.8849658795733,"Kawagoe"
138.456376039319,97.9198863561503,"Kawagoe"
336.16483708793,97.9897771268701,"Omiya"
151.964132955034,98.016620350826,"Kawagoe"
148.612680230311,98.0256506676619,"Kawagoe"
156.584546794857,98.0382975164321,"Kawagoe"
141.010923698935,98.2538372876864,"Kawagoe"
337.32695773141,98.6851982835933,"Omiya"
148.409970593615,98.7547538274118,"Kawagoe"
341.641133120208,98.9196469381768,"Omiya"
154.426133897722,99.1036047721953,"Kawagoe"
529.592683436948,99.217124715641,"Tokyo"
159.269936890838,99.5161700096807,"Kawagoe"
145.419437051276,99.5471827092833,"Kawagoe"
147.702510318855,99.6404574154233,"Kawagoe"
154.675851690298,99.7058796588913,"Kawagoe"
149.630931552434,99.9932713135642,"Kawagoe"
146.944917908958,100.053170381173,"Kawagoe"
148.681574214743,100.13557329931,"Kawagoe"
152.315001390929,100.176593336003,"Kawagoe"
153.265635647954,100.191853330256,"Kawagoe"
158.959010583313,100.394448535493,"Kawagoe"
150.435277440272,100.647143428316,"Kawagoe"
146.155590367807,100.814865563267,"Kawagoe"
144.49101908821,100.894674349821,"Kawagoe"
144.918259150901,100.971283655982,"Kawagoe"
149.543724495054,101.12977399309,"Kawagoe"
581.131918437722,101.220373800945,"Tokyo"
145.360457972023,101.293730732895,"Kawagoe"
148.521789044053,101.370236688545,"Kawagoe"
155.776160576123,101.455503964625,"Kawagoe"
347.391525320703,101.515935298852,"Omiya"
151.984293273989,101.554744736828,"Kawagoe"
156.692609966614,101.853521427681,"Kawagoe"
145.779983764699,101.963055515785,"Kawagoe"
347.582466175781,102.11855865403,"Omiya"
162.982984641668,102.124411578668,"Kawagoe"
146.076973447733,102.155206808304,"Kawagoe"
152.372710215112,102.159517993652,"Kawagoe"
161.816322784733,102.201561831467,"Kawagoe"
144.259710213973,102.23649811612,"Kawagoe"
145.066577403935,102.253450799819,"Kawagoe"
150.414497142044,102.366232454367,"Kawagoe"
161.856643140699,102.479446497691,"Kawagoe"
162.140739180424,102.694819096039,"Kawagoe"
158.455064540596,102.788045888678,"Kawagoe"
160.399213500803,102.918293971269,"Kawagoe"
156.599052630166,103.128943674754,"Kawagoe"
164.593587491616,103.140589428415,"Kawagoe"
153.493527966301,103.149203655454,"Kawagoe"
150.993640133659,103.151956339996,"Kawagoe"
147.737064933064,103.19712369618,"Kawagoe"
159.643577769487,103.307579848353,"Kawagoe"
158.02048317995,103.488478433341,"Kawagoe"
152.271260967234,103.567205852977,"Kawagoe"
160.077994569966,103.607074430099,"Kawagoe"
149.342322120581,103.880437093568,"Kawagoe"
151.468346597544,103.897867369721,"Kawagoe"
151.082099891497,104.001144565795,"Kawagoe"
161.8464699178,104.085930938212,"Kawagoe"
163.469118790045,104.090665688922,"Kawagoe"
158.853877364689,104.12544370693,"Kawagoe"
163.234779689876,104.143849167008,"Kawagoe"
156.341403924109,104.167060396444,"Kawagoe"
149.670670755997,104.270017343789,"Kawagoe"
165.375298850606,104.464783303685,"Kawagoe"
152.008361292754,104.502299560068,"Kawagoe"
149.556709411172,104.509119434649,"Kawagoe"
150.683836863212,104.517116851374,"Kawagoe"
155.66631597571,104.590264233524,"Kawagoe"
160.295849844186,104.630604498912,"Kawagoe"
365.779821734638,104.808138512273,"Omiya"
162.249069412924,105.101651570285,"Kawagoe"
148.732980261444,105.173279736116,"Kawagoe"
157.791520794114,105.197649200264,"Kawagoe"
167.74906373765,105.217549230877,"Kawagoe"
149.958315596333,105.267038682087,"Kawagoe"
150.006464379384,105.44186362035,"Kawagoe"
152.371219459804,105.585005173381,"Kawagoe"
152.176041753196,105.649522149424,"Kawagoe"
159.3879705112,105.675959342069,"Kawagoe"
164.133456668343,105.837912123335,"Kawagoe"
156.241563881539,105.849211688946,"Kawagoe"
158.211612806184,105.965990081115,"Kawagoe"
166.646753153254,106.400131679111,"Kawagoe"
165.051892276269,106.684923968199,"Kawagoe"
155.880833313591,106.947703922649,"Kawagoe"
154.122055332843,106.959115292701,"Kawagoe"
157.639991584848,107.026020111304,"Kawagoe"
168.905793158527,107.026589472594,"Kawagoe"
156.820079588611,107.174880574333,"Kawagoe"
164.430494275922,107.217274870133,"Kawagoe"
162.627267716644,107.291995131849,"Kawagoe"
155.708360646283,107.515170917157,"Kawagoe"
171.284362850609,107.6348303444,"Kawagoe"
161.025095534023,108.028406220474,"Kawagoe"
153.360083286582,108.062311604573,"Kawagoe"
169.891027836268,108.15721926599,"Kawagoe"
159.014947934156,108.158301529838,"Kawagoe"
155.590047241188,108.235139242063,"Kawagoe"
157.508865492705,108.27865868826,"Kawagoe"
161.167113545848,108.36459067497,"Kawagoe"
159.047153981646,108.510256523429,"Kawagoe"
165.483336144399,108.56785928414,"Kawagoe"
159.029855607955,108.612684530481,"Kawagoe"
167.342902161924,108.656503524506,"Kawagoe"
160.802024563746,108.701958735765,"Kawagoe"
172.839642907673,108.83674721556,"Kawagoe"
158.064166259041,108.888046895478,"Kawagoe"
157.170837089109,109.263415343232,"Kawagoe"
169.550632096137,109.332295784888,"Kawagoe"
154.754557689394,109.3931562458,"Kawagoe"
157.239977724114,109.40469891591,"Kawagoe"
162.869844427866,109.473789061465,"Kawagoe"
155.688826024755,109.50834306096,"Kawagoe"
161.486891969725,109.582938465391,"Kawagoe"
171.331989454204,109.753699039485,"Kawagoe"
168.568869328817,109.837389136815,"Kawagoe"
159.132381162924,109.999457971715,"Kawagoe"
174.706779866961,110.262560086646,"Kawagoe"
159.146247352632,110.431702900784,"Kawagoe"
174.044779546547,110.834074605869,"Kawagoe"
158.335020194923,110.920581530267,"Kawagoe"
157.313093834725,110.92421585581,"Kawagoe"
173.512890057173,111.598226010489,"Kawagoe"
176.30770325865,111.676889053977,"Kawagoe"
158.354669512149,111.867076044214,"Kawagoe"
176.073842507189,111.963211920334,"Kawagoe"
174.684852058162,111.986935519986,"Kawagoe"
161.743998729755,112.073722067066,"Kawagoe"
173.333082313587,112.201216250617,"Kawagoe"
163.908632416554,112.597645856624,"Kawagoe"
169.171038681071,112.745476871969,"Kawagoe"
163.92079134991,112.849684299017,"Kawagoe"
176.786149551382,113.040400720038,"Kawagoe"
180.329013677361,113.559524144388,"Kawagoe"
175.936050992987,113.904415546337,"Kawagoe"
173.118889410135,113.967382205708,"Kawagoe"
173.788716376504,114.236932106767,"Kawagoe"
179.631770296466,114.256339400061,"Kawagoe"
172.821874012693,114.409212022702,"Kawagoe"
162.913072423295,114.499297264487,"Kawagoe"
176.734403096771,115.196367700695,"Kawagoe"
167.817428365797,115.528358824849,"Kawagoe"
171.806080947871,115.554246248217,"Kawagoe"
167.345783167589,115.807211928116,"Kawagoe"
175.217671904471,115.91893199691,"Kawagoe"
165.077008966315,116.153424387149,"Kawagoe"
172.472094293029,116.621427762817,"Kawagoe"
184.683260652863,117.120729082992,"Kawagoe"
182.234028762492,117.265734472813,"Kawagoe"
172.296751086354,117.342384293511,"Kawagoe"
184.23537076586,117.471504528976,"Kawagoe"
170.680132966542,117.585918212345,"Kawagoe"
175.701578247751,117.589370476342,"Kawagoe"
169.658456862718,117.876048245654,"Kawagoe"
177.621263824978,118.057864603659,"Kawagoe"
177.449102064586,118.669948353116,"Kawagoe"
170.360171559074,118.791126193971,"Kawagoe"
174.724375898301,118.792878528625,"Kawagoe"
186.021019940239,119.181245514485,"Kawagoe"
171.822699885128,119.258154738857,"Kawagoe"
187.432985329638,119.260821920267,"Kawagoe"
178.087067558062,120.123368561023,"Kawagoe"
181.965205855596,120.171747791223,"Kawagoe"
185.816926465757,120.719729868954,"Kawagoe"
188.68310217376,121.14958120574,"Kawagoe"
172.240723076397,121.456541678638,"Kawagoe"
182.061917751208,121.464756880651,"Kawagoe"
175.378251439737,121.522057718184,"Kawagoe"
179.998458501376,121.572230078563,"Kawagoe"
173.415835028569,121.899206709153,"Kawagoe"
175.9052923423,122.555369213766,"Kawagoe"
175.7224023206,122.999491378282,"Kawagoe"
190.287614304466,123.090553061966,"Kawagoe"
191.172198070408,123.647256111235,"Kawagoe"
194.707356208356,123.684817575153,"Kawagoe"
188.6722695733,123.871793455044,"Kawagoe"
178.469195789924,124.225246813326,"Kawagoe"
196.959257754811,126.352861418287,"Kawagoe"
185.50109831293,126.496146685462,"Kawagoe"
194.937500023933,126.972509266621,"Kawagoe"
193.20309087289,127.867499938417,"Kawagoe"
187.033630279579,128.589239316518,"Kawagoe"
194.247675324611,129.093803937738,"Kawagoe"
188.959260942629,129.181314406439,"Kawagoe"
197.763251880035,129.482332588385,"Kawagoe"
196.642243744686,129.738663912361,"Kawagoe"
189.825917841466,130.112219623954,"Kawagoe"
197.571446175415,132.304127052866,"Kawagoe"
197.653506740686,132.521232796672,"Kawagoe"
194.095845992862,134.18842393731,"Kawagoe"
197.203518874776,135.257828670753,"Kawagoe"
197.335373259905,135.882563910019,"Kawagoe"
195.227720908031,136.711705521464,"Kawagoe"
201.825622149463,137.791824723718,"Kawagoe"
210.607915620633,139.309840892961,"Kawagoe"
